URL,Titre,Terme,Priorité,Type,Section suggérée,Ancre interne candidate,Note d’intégration
https://www.galerie-clavreul.fr/,"comprendre l'art abstrait, contemporain...",galerie,1,mot-clé/entité/ngram,H2/H3,,
https://www.galerie-clavreul.fr/,"comprendre l'art abstrait, contemporain...",peinture,1,mot-clé/entité/ngram,H2/H3,,
https://www.galerie-clavreul.fr/,"comprendre l'art abstrait, contemporain...",art,1,mot-clé/entité/ngram,H2/H3,,
https://www.galerie-clavreul.fr/,"comprendre l'art abstrait, contemporain...",tableau,1,mot-clé/entité/ngram,H2/H3,,
https://www.galerie-clavreul.fr/,"comprendre l'art abstrait, contemporain...",paris galerie,1,mot-clé/entité/ngram,H2/H3,,
https://www.galerie-clavreul.fr/,"comprendre l'art abstrait, contemporain...",abstrait,1,mot-clé/entité/ngram,H2/H3,,
https://www.galerie-clavreul.fr/,"comprendre l'art abstrait, contemporain...",paris,1,mot-clé/entité/ngram,H2/H3,,
https://www.galerie-clavreul.fr/,"comprendre l'art abstrait, contemporain...",contemporain,1,mot-clé/entité/ngram,H2/H3,,
https://www.galerie-clavreul.fr/,"comprendre l'art abstrait, contemporain...",modernité,1,mot-clé/entité/ngram,H2/H3,,
https://www.galerie-clavreul.fr/,"comprendre l'art abstrait, contemporain...",intérieur,1,mot-clé/entité/ngram,H2/H3,,
https://www.galerie-clavreul.fr/,"comprendre l'art abstrait, contemporain...",sentiment,1,mot-clé/entité/ngram,H2/H3,,
https://www.galerie-clavreul.fr/,"comprendre l'art abstrait, contemporain...",art abstrait,1,mot-clé/entité/ngram,H2/H3,,
https://www.galerie-clavreul.fr/,"comprendre l'art abstrait, contemporain...",décoration,2,mot-clé/entité/ngram,H2/H3,,
https://www.galerie-clavreul.fr/,"comprendre l'art abstrait, contemporain...",artiste,2,mot-clé/entité/ngram,H2/H3,,
https://www.galerie-clavreul.fr/,"comprendre l'art abstrait, contemporain...",tableau abstrait,2,mot-clé/entité/ngram,H2/H3,,
https://www.galerie-clavreul.fr/,"comprendre l'art abstrait, contemporain...",art contemporain,2,mot-clé/entité/ngram,H2/H3,,
https://www.galerie-clavreul.fr/,"comprendre l'art abstrait, contemporain...",réaliser,2,mot-clé/entité/ngram,H2/H3,,
https://www.galerie-clavreul.fr/,"comprendre l'art abstrait, contemporain...",œuvre,2,mot-clé/entité/ngram,H2/H3,,
https://www.galerie-clavreul.fr/,"comprendre l'art abstrait, contemporain...",travers,2,mot-clé/entité/ngram,H2/H3,,
https://www.galerie-clavreul.fr/,"comprendre l'art abstrait, contemporain...",exposition,2,mot-clé/entité/ngram,H2/H3,,
https://www.galerie-clavreul.fr/,"comprendre l'art abstrait, contemporain...",réaliser peinture,2,mot-clé/entité/ngram,H2/H3,,
https://www.galerie-clavreul.fr/,"comprendre l'art abstrait, contemporain...",claude,2,mot-clé/entité/ngram,H2/H3,,
https://www.galerie-clavreul.fr/,"comprendre l'art abstrait, contemporain...",rêverie,2,mot-clé/entité/ngram,H2/H3,,
https://www.galerie-clavreul.fr/,"comprendre l'art abstrait, contemporain...",acheter tableau,2,mot-clé/entité/ngram,H2/H3,,
https://www.galerie-clavreul.fr/,"comprendre l'art abstrait, contemporain...",peinture acrylique peinture,3,mot-clé/entité/ngram,H2/H3,,
https://www.galerie-clavreul.fr/,"comprendre l'art abstrait, contemporain...",delrieu,3,mot-clé/entité/ngram,H2/H3,,
https://www.galerie-clavreul.fr/,"comprendre l'art abstrait, contemporain...",renaud,3,mot-clé/entité/ngram,H2/H3,,
https://www.galerie-clavreul.fr/,"comprendre l'art abstrait, contemporain...",décorer,3,mot-clé/entité/ngram,H2/H3,,
https://www.galerie-clavreul.fr/,"comprendre l'art abstrait, contemporain...",renaud allirand,3,mot-clé/entité/ngram,H2/H3,,
https://www.galerie-clavreul.fr/,"comprendre l'art abstrait, contemporain...",exprimer sentiment,3,mot-clé/entité/ngram,H2/H3,,
https://www.galerie-clavreul.fr,"comprendre l'art abstrait, contemporain...",galerie,1,mot-clé/entité/ngram,H2/H3,,
https://www.galerie-clavreul.fr,"comprendre l'art abstrait, contemporain...",peinture,1,mot-clé/entité/ngram,H2/H3,,
https://www.galerie-clavreul.fr,"comprendre l'art abstrait, contemporain...",art,1,mot-clé/entité/ngram,H2/H3,,
https://www.galerie-clavreul.fr,"comprendre l'art abstrait, contemporain...",tableau,1,mot-clé/entité/ngram,H2/H3,,
https://www.galerie-clavreul.fr,"comprendre l'art abstrait, contemporain...",paris galerie,1,mot-clé/entité/ngram,H2/H3,,
https://www.galerie-clavreul.fr,"comprendre l'art abstrait, contemporain...",abstrait,1,mot-clé/entité/ngram,H2/H3,,
https://www.galerie-clavreul.fr,"comprendre l'art abstrait, contemporain...",paris,1,mot-clé/entité/ngram,H2/H3,,
https://www.galerie-clavreul.fr,"comprendre l'art abstrait, contemporain...",contemporain,1,mot-clé/entité/ngram,H2/H3,,
https://www.galerie-clavreul.fr,"comprendre l'art abstrait, contemporain...",modernité,1,mot-clé/entité/ngram,H2/H3,,
https://www.galerie-clavreul.fr,"comprendre l'art abstrait, contemporain...",intérieur,1,mot-clé/entité/ngram,H2/H3,,
https://www.galerie-clavreul.fr,"comprendre l'art abstrait, contemporain...",sentiment,1,mot-clé/entité/ngram,H2/H3,,
https://www.galerie-clavreul.fr,"comprendre l'art abstrait, contemporain...",art abstrait,1,mot-clé/entité/ngram,H2/H3,,
https://www.galerie-clavreul.fr,"comprendre l'art abstrait, contemporain...",décoration,2,mot-clé/entité/ngram,H2/H3,,
https://www.galerie-clavreul.fr,"comprendre l'art abstrait, contemporain...",artiste,2,mot-clé/entité/ngram,H2/H3,,
https://www.galerie-clavreul.fr,"comprendre l'art abstrait, contemporain...",tableau abstrait,2,mot-clé/entité/ngram,H2/H3,,
https://www.galerie-clavreul.fr,"comprendre l'art abstrait, contemporain...",art contemporain,2,mot-clé/entité/ngram,H2/H3,,
https://www.galerie-clavreul.fr,"comprendre l'art abstrait, contemporain...",réaliser,2,mot-clé/entité/ngram,H2/H3,,
https://www.galerie-clavreul.fr,"comprendre l'art abstrait, contemporain...",œuvre,2,mot-clé/entité/ngram,H2/H3,,
https://www.galerie-clavreul.fr,"comprendre l'art abstrait, contemporain...",travers,2,mot-clé/entité/ngram,H2/H3,,
https://www.galerie-clavreul.fr,"comprendre l'art abstrait, contemporain...",exposition,2,mot-clé/entité/ngram,H2/H3,,
https://www.galerie-clavreul.fr,"comprendre l'art abstrait, contemporain...",réaliser peinture,2,mot-clé/entité/ngram,H2/H3,,
https://www.galerie-clavreul.fr,"comprendre l'art abstrait, contemporain...",claude,2,mot-clé/entité/ngram,H2/H3,,
https://www.galerie-clavreul.fr,"comprendre l'art abstrait, contemporain...",rêverie,2,mot-clé/entité/ngram,H2/H3,,
https://www.galerie-clavreul.fr,"comprendre l'art abstrait, contemporain...",acheter tableau,2,mot-clé/entité/ngram,H2/H3,,
https://www.galerie-clavreul.fr,"comprendre l'art abstrait, contemporain...",peinture acrylique peinture,3,mot-clé/entité/ngram,H2/H3,,
https://www.galerie-clavreul.fr,"comprendre l'art abstrait, contemporain...",delrieu,3,mot-clé/entité/ngram,H2/H3,,
https://www.galerie-clavreul.fr,"comprendre l'art abstrait, contemporain...",renaud,3,mot-clé/entité/ngram,H2/H3,,
https://www.galerie-clavreul.fr,"comprendre l'art abstrait, contemporain...",décorer,3,mot-clé/entité/ngram,H2/H3,,
https://www.galerie-clavreul.fr,"comprendre l'art abstrait, contemporain...",renaud allirand,3,mot-clé/entité/ngram,H2/H3,,
https://www.galerie-clavreul.fr,"comprendre l'art abstrait, contemporain...",exprimer sentiment,3,mot-clé/entité/ngram,H2/H3,,
https://www.galerie-clavreul.fr/peinture-contemporaine/,Peinture contemporaine,lire,1,mot-clé/entité/ngram,H2/H3,,
https://www.galerie-clavreul.fr/peinture-contemporaine/,Peinture contemporaine,devenir,1,mot-clé/entité/ngram,H2/H3,,
https://www.galerie-clavreul.fr/peinture-contemporaine/,Peinture contemporaine,artistique,1,mot-clé/entité/ngram,H2/H3,,
https://www.galerie-clavreul.fr/peinture-contemporaine/,Peinture contemporaine,lire suiteactuellement pierre,1,mot-clé/entité/ngram,H2/H3,,
https://www.galerie-clavreul.fr/peinture-contemporaine/,Peinture contemporaine,fiscalité avantageux lire,1,mot-clé/entité/ngram,H2/H3,,
https://www.galerie-clavreul.fr/peinture-contemporaine/,Peinture contemporaine,mettre lire,1,mot-clé/entité/ngram,H2/H3,,
https://www.galerie-clavreul.fr/peinture-contemporaine/,Peinture contemporaine,avantageux lire suitepeindre,1,mot-clé/entité/ngram,H2/H3,,
https://www.galerie-clavreul.fr/peinture-contemporaine/,Peinture contemporaine,avantageux lire,1,mot-clé/entité/ngram,H2/H3,,
https://www.galerie-clavreul.fr/peinture-contemporaine/,Peinture contemporaine,suiteactuellement,1,mot-clé/entité/ngram,H2/H3,,
https://www.galerie-clavreul.fr/peinture-contemporaine/,Peinture contemporaine,suiteactuellement pierre,1,mot-clé/entité/ngram,H2/H3,,
https://www.galerie-clavreul.fr/peinture-contemporaine/,Peinture contemporaine,suiteavec milliard échange,1,mot-clé/entité/ngram,H2/H3,,
https://www.galerie-clavreul.fr/peinture-contemporaine/,Peinture contemporaine,mettre lire suiteactuellement,1,mot-clé/entité/ngram,H2/H3,,
https://www.galerie-clavreul.fr/peinture-contemporaine/,Peinture contemporaine,lire suiteactuellement,2,mot-clé/entité/ngram,H2/H3,,
https://www.galerie-clavreul.fr/peinture-contemporaine/,Peinture contemporaine,suiteavec milliard,2,mot-clé/entité/ngram,H2/H3,,
https://www.galerie-clavreul.fr/peinture-contemporaine/,Peinture contemporaine,œuvre lire suite,2,mot-clé/entité/ngram,H2/H3,,
https://www.galerie-clavreul.fr/peinture-contemporaine/,Peinture contemporaine,œuvre lire,2,mot-clé/entité/ngram,H2/H3,,
https://www.galerie-clavreul.fr/peinture-contemporaine/,Peinture contemporaine,suiteavec,2,mot-clé/entité/ngram,H2/H3,,
https://www.galerie-clavreul.fr/peinture-contemporaine/,Peinture contemporaine,lumière œuvre lire,2,mot-clé/entité/ngram,H2/H3,,
https://www.galerie-clavreul.fr/peinture-contemporaine/,Peinture contemporaine,suiteactuellement pierre soulages,2,mot-clé/entité/ngram,H2/H3,,
https://www.galerie-clavreul.fr/peinture-contemporaine/,Peinture contemporaine,penser mettre lire,2,mot-clé/entité/ngram,H2/H3,,
https://www.galerie-clavreul.fr/peinture-contemporaine/,Peinture contemporaine,place lire suiteavec,2,mot-clé/entité/ngram,H2/H3,,
https://www.galerie-clavreul.fr/peinture-contemporaine/,Peinture contemporaine,mise place lire,2,mot-clé/entité/ngram,H2/H3,,
https://www.galerie-clavreul.fr/peinture-contemporaine/,Peinture contemporaine,lire suiteavec milliard,2,mot-clé/entité/ngram,H2/H3,,
https://www.galerie-clavreul.fr/peinture-contemporaine/,Peinture contemporaine,lire suiteavec,2,mot-clé/entité/ngram,H2/H3,,
https://www.galerie-clavreul.fr/peinture-contemporaine/,Peinture contemporaine,pierre soulages,3,mot-clé/entité/ngram,H2/H3,,
https://www.galerie-clavreul.fr/peinture-contemporaine/,Peinture contemporaine,travers mise place,3,mot-clé/entité/ngram,H2/H3,,
https://www.galerie-clavreul.fr/peinture-contemporaine/,Peinture contemporaine,travers mise,3,mot-clé/entité/ngram,H2/H3,,
https://www.galerie-clavreul.fr/peinture-contemporaine/,Peinture contemporaine,connaître nom peintre,3,mot-clé/entité/ngram,H2/H3,,
https://www.galerie-clavreul.fr/peinture-contemporaine/,Peinture contemporaine,connaître nom,3,mot-clé/entité/ngram,H2/H3,,
https://www.galerie-clavreul.fr/peinture-contemporaine/,Peinture contemporaine,français actuel,3,mot-clé/entité/ngram,H2/H3,,
https://www.galerie-clavreul.fr/art-abstrait/,Art abstrait,lire,1,mot-clé/entité/ngram,H2/H3,,
https://www.galerie-clavreul.fr/art-abstrait/,Art abstrait,peinture,1,mot-clé/entité/ngram,H2/H3,,
https://www.galerie-clavreul.fr/art-abstrait/,Art abstrait,lire suitela,1,mot-clé/entité/ngram,H2/H3,,
https://www.galerie-clavreul.fr/art-abstrait/,Art abstrait,suitela,1,mot-clé/entité/ngram,H2/H3,,
https://www.galerie-clavreul.fr/art-abstrait/,Art abstrait,peinture eau,1,mot-clé/entité/ngram,H2/H3,,
https://www.galerie-clavreul.fr/art-abstrait/,Art abstrait,eau peinture acrylique,1,mot-clé/entité/ngram,H2/H3,,
https://www.galerie-clavreul.fr/art-abstrait/,Art abstrait,guerre,1,mot-clé/entité/ngram,H2/H3,,
https://www.galerie-clavreul.fr/art-abstrait/,Art abstrait,eau peinture,1,mot-clé/entité/ngram,H2/H3,,
https://www.galerie-clavreul.fr/art-abstrait/,Art abstrait,eau,1,mot-clé/entité/ngram,H2/H3,,
https://www.galerie-clavreul.fr/art-abstrait/,Art abstrait,peinture eau peinture,1,mot-clé/entité/ngram,H2/H3,,
https://www.galerie-clavreul.fr/art-abstrait/,Art abstrait,petit,1,mot-clé/entité/ngram,H2/H3,,
https://www.galerie-clavreul.fr/art-abstrait/,Art abstrait,abstrait,1,mot-clé/entité/ngram,H2/H3,,
https://www.galerie-clavreul.fr/art-abstrait/,Art abstrait,artistique,2,mot-clé/entité/ngram,H2/H3,,
https://www.galerie-clavreul.fr/art-abstrait/,Art abstrait,naturellement place lire,2,mot-clé/entité/ngram,H2/H3,,
https://www.galerie-clavreul.fr/art-abstrait/,Art abstrait,artistique lire suitel,2,mot-clé/entité/ngram,H2/H3,,
https://www.galerie-clavreul.fr/art-abstrait/,Art abstrait,place lire suite,2,mot-clé/entité/ngram,H2/H3,,
https://www.galerie-clavreul.fr/art-abstrait/,Art abstrait,tendance artistique lire,2,mot-clé/entité/ngram,H2/H3,,
https://www.galerie-clavreul.fr/art-abstrait/,Art abstrait,artistique lire,2,mot-clé/entité/ngram,H2/H3,,
https://www.galerie-clavreul.fr/art-abstrait/,Art abstrait,ligne exposition lire,2,mot-clé/entité/ngram,H2/H3,,
https://www.galerie-clavreul.fr/art-abstrait/,Art abstrait,acheter ouvrage lire,2,mot-clé/entité/ngram,H2/H3,,
https://www.galerie-clavreul.fr/art-abstrait/,Art abstrait,décoration architecture lire,2,mot-clé/entité/ngram,H2/H3,,
https://www.galerie-clavreul.fr/art-abstrait/,Art abstrait,peintur abstrait,2,mot-clé/entité/ngram,H2/H3,,
https://www.galerie-clavreul.fr/art-abstrait/,Art abstrait,représenter lire,2,mot-clé/entité/ngram,H2/H3,,
https://www.galerie-clavreul.fr/art-abstrait/,Art abstrait,représenter lire suitela,2,mot-clé/entité/ngram,H2/H3,,
https://www.galerie-clavreul.fr/art-abstrait/,Art abstrait,suiteéter technique peinture,3,mot-clé/entité/ngram,H2/H3,,
https://www.galerie-clavreul.fr/art-abstrait/,Art abstrait,exposition lire,3,mot-clé/entité/ngram,H2/H3,,
https://www.galerie-clavreul.fr/art-abstrait/,Art abstrait,exposition lire suitesi,3,mot-clé/entité/ngram,H2/H3,,
https://www.galerie-clavreul.fr/art-abstrait/,Art abstrait,ouvrage lire suiteéter,3,mot-clé/entité/ngram,H2/H3,,
https://www.galerie-clavreul.fr/art-abstrait/,Art abstrait,ouvrage lire,3,mot-clé/entité/ngram,H2/H3,,
https://www.galerie-clavreul.fr/art-abstrait/,Art abstrait,utilisation représenter lire,3,mot-clé/entité/ngram,H2/H3,,
https://www.galerie-clavreul.fr/tableaux-modernes/,Tableaux modernes,lire,1,mot-clé/entité/ngram,H2/H3,,
https://www.galerie-clavreul.fr/tableaux-modernes/,Tableaux modernes,tableau,1,mot-clé/entité/ngram,H2/H3,,
https://www.galerie-clavreul.fr/tableaux-modernes/,Tableaux modernes,décoration intérieur,1,mot-clé/entité/ngram,H2/H3,,
https://www.galerie-clavreul.fr/tableaux-modernes/,Tableaux modernes,intérieur,1,mot-clé/entité/ngram,H2/H3,,
https://www.galerie-clavreul.fr/tableaux-modernes/,Tableaux modernes,moyen,1,mot-clé/entité/ngram,H2/H3,,
https://www.galerie-clavreul.fr/tableaux-modernes/,Tableaux modernes,suitela réalisation tableau,1,mot-clé/entité/ngram,H2/H3,,
https://www.galerie-clavreul.fr/tableaux-modernes/,Tableaux modernes,décoration intérieur lire,1,mot-clé/entité/ngram,H2/H3,,
https://www.galerie-clavreul.fr/tableaux-modernes/,Tableaux modernes,contexte situation lire,1,mot-clé/entité/ngram,H2/H3,,
https://www.galerie-clavreul.fr/tableaux-modernes/,Tableaux modernes,intérieur lire,1,mot-clé/entité/ngram,H2/H3,,
https://www.galerie-clavreul.fr/tableaux-modernes/,Tableaux modernes,suitepour instaurer ambiance,1,mot-clé/entité/ngram,H2/H3,,
https://www.galerie-clavreul.fr/tableaux-modernes/,Tableaux modernes,suitepour instaurer,1,mot-clé/entité/ngram,H2/H3,,
https://www.galerie-clavreul.fr/tableaux-modernes/,Tableaux modernes,suitepour,1,mot-clé/entité/ngram,H2/H3,,
https://www.galerie-clavreul.fr/tableaux-modernes/,Tableaux modernes,lire suitepour,2,mot-clé/entité/ngram,H2/H3,,
https://www.galerie-clavreul.fr/tableaux-modernes/,Tableaux modernes,signifier acheter lire,2,mot-clé/entité/ngram,H2/H3,,
https://www.galerie-clavreul.fr/tableaux-modernes/,Tableaux modernes,réalité réaliser lire,2,mot-clé/entité/ngram,H2/H3,,
https://www.galerie-clavreul.fr/tableaux-modernes/,Tableaux modernes,lire suitepour instaurer,2,mot-clé/entité/ngram,H2/H3,,
https://www.galerie-clavreul.fr/tableaux-modernes/,Tableaux modernes,lire suitela réalisation,2,mot-clé/entité/ngram,H2/H3,,
https://www.galerie-clavreul.fr/tableaux-modernes/,Tableaux modernes,réaliser lire,2,mot-clé/entité/ngram,H2/H3,,
https://www.galerie-clavreul.fr/tableaux-modernes/,Tableaux modernes,réaliser lire suitela,2,mot-clé/entité/ngram,H2/H3,,
https://www.galerie-clavreul.fr/tableaux-modernes/,Tableaux modernes,acheter lire suite,2,mot-clé/entité/ngram,H2/H3,,
https://www.galerie-clavreul.fr/tableaux-modernes/,Tableaux modernes,acheter lire,2,mot-clé/entité/ngram,H2/H3,,
https://www.galerie-clavreul.fr/tableaux-modernes/,Tableaux modernes,suitela réalisation,2,mot-clé/entité/ngram,H2/H3,,
https://www.galerie-clavreul.fr/tableaux-modernes/,Tableaux modernes,intérieur lire suitepeindre,2,mot-clé/entité/ngram,H2/H3,,
https://www.galerie-clavreul.fr/tableaux-modernes/,Tableaux modernes,situation lire suitepour,2,mot-clé/entité/ngram,H2/H3,,
https://www.galerie-clavreul.fr/tableaux-modernes/,Tableaux modernes,situation lire,3,mot-clé/entité/ngram,H2/H3,,
https://www.galerie-clavreul.fr/tableaux-modernes/,Tableaux modernes,décoration,3,mot-clé/entité/ngram,H2/H3,,
https://www.galerie-clavreul.fr/tableaux-modernes/,Tableaux modernes,hui portée,3,mot-clé/entité/ngram,H2/H3,,
https://www.galerie-clavreul.fr/tableaux-modernes/,Tableaux modernes,portée monde,3,mot-clé/entité/ngram,H2/H3,,
https://www.galerie-clavreul.fr/tableaux-modernes/,Tableaux modernes,artiste transmettre perception,3,mot-clé/entité/ngram,H2/H3,,
https://www.galerie-clavreul.fr/tableaux-modernes/,Tableaux modernes,moyen distrair agir,3,mot-clé/entité/ngram,H2/H3,,
https://www.galerie-clavreul.fr/plan-du-site/,,plan site,1,mot-clé/entité/ngram,H2/H3,,
https://www.galerie-clavreul.fr/plan-du-site/,,plan,1,mot-clé/entité/ngram,H2/H3,,
https://www.galerie-clavreul.fr/plan-du-site/,,site,1,mot-clé/entité/ngram,H2/H3,,
https://www.galerie-clavreul.fr/plan-du-site/,,œuvre être voler,1,mot-clé/entité/ngram,H2/H3,,
https://www.galerie-clavreul.fr/plan-du-site/,,envie réconcilier,1,mot-clé/entité/ngram,H2/H3,,
https://www.galerie-clavreul.fr/plan-du-site/,,envisager,1,mot-clé/entité/ngram,H2/H3,,
https://www.galerie-clavreul.fr/plan-du-site/,,envisager réaliser,1,mot-clé/entité/ngram,H2/H3,,
https://www.galerie-clavreul.fr/plan-du-site/,,envisager réaliser toile,1,mot-clé/entité/ngram,H2/H3,,
https://www.galerie-clavreul.fr/plan-du-site/,,envoutement,1,mot-clé/entité/ngram,H2/H3,,
https://www.galerie-clavreul.fr/plan-du-site/,,envoutement technique,1,mot-clé/entité/ngram,H2/H3,,
https://www.galerie-clavreul.fr/plan-du-site/,,envoutement technique peinture,1,mot-clé/entité/ngram,H2/H3,,
https://www.galerie-clavreul.fr/plan-du-site/,,erreur,1,mot-clé/entité/ngram,H2/H3,,
https://www.galerie-clavreul.fr/plan-du-site/,,erreur être,2,mot-clé/entité/ngram,H2/H3,,
https://www.galerie-clavreul.fr/plan-du-site/,,erreur être doué,2,mot-clé/entité/ngram,H2/H3,,
https://www.galerie-clavreul.fr/plan-du-site/,,espace,2,mot-clé/entité/ngram,H2/H3,,
https://www.galerie-clavreul.fr/plan-du-site/,,espace format,2,mot-clé/entité/ngram,H2/H3,,
https://www.galerie-clavreul.fr/plan-du-site/,,espace format portrait,2,mot-clé/entité/ngram,H2/H3,,
https://www.galerie-clavreul.fr/plan-du-site/,,espace vie,2,mot-clé/entité/ngram,H2/H3,,
https://www.galerie-clavreul.fr/plan-du-site/,,espace vie concentrer,2,mot-clé/entité/ngram,H2/H3,,
https://www.galerie-clavreul.fr/plan-du-site/,,esprit,2,mot-clé/entité/ngram,H2/H3,,
https://www.galerie-clavreul.fr/plan-du-site/,,esprit artistique,2,mot-clé/entité/ngram,H2/H3,,
https://www.galerie-clavreul.fr/plan-du-site/,,esprit artistique concentration,2,mot-clé/entité/ngram,H2/H3,,
https://www.galerie-clavreul.fr/plan-du-site/,,esprit faire,2,mot-clé/entité/ngram,H2/H3,,
https://www.galerie-clavreul.fr/plan-du-site/,,esprit faire comprendre,2,mot-clé/entité/ngram,H2/H3,,
https://www.galerie-clavreul.fr/plan-du-site/,,esprit imagination,3,mot-clé/entité/ngram,H2/H3,,
https://www.galerie-clavreul.fr/plan-du-site/,,esprit imagination bien,3,mot-clé/entité/ngram,H2/H3,,
https://www.galerie-clavreul.fr/plan-du-site/,,esquisser,3,mot-clé/entité/ngram,H2/H3,,
https://www.galerie-clavreul.fr/plan-du-site/,,esquisser dessin,3,mot-clé/entité/ngram,H2/H3,,
https://www.galerie-clavreul.fr/plan-du-site/,,esquisser dessin toile,3,mot-clé/entité/ngram,H2/H3,,
https://www.galerie-clavreul.fr/plan-du-site/,,essayer,3,mot-clé/entité/ngram,H2/H3,,
https://www.galerie-clavreul.fr/le-fonds-de-dotation-d-art-du-groupe-weiss-un-engagement-en-faveur-de-la-promotion-artistique/,promotion artistique engagée,fonds,1,mot-clé/entité/ngram,H2/H3,,
https://www.galerie-clavreul.fr/le-fonds-de-dotation-d-art-du-groupe-weiss-un-engagement-en-faveur-de-la-promotion-artistique/,promotion artistique engagée,dotation,1,mot-clé/entité/ngram,H2/H3,,
https://www.galerie-clavreul.fr/le-fonds-de-dotation-d-art-du-groupe-weiss-un-engagement-en-faveur-de-la-promotion-artistique/,promotion artistique engagée,fonds dotation,1,mot-clé/entité/ngram,H2/H3,,
https://www.galerie-clavreul.fr/le-fonds-de-dotation-d-art-du-groupe-weiss-un-engagement-en-faveur-de-la-promotion-artistique/,promotion artistique engagée,dotation art,1,mot-clé/entité/ngram,H2/H3,,
https://www.galerie-clavreul.fr/le-fonds-de-dotation-d-art-du-groupe-weiss-un-engagement-en-faveur-de-la-promotion-artistique/,promotion artistique engagée,dotation art groupe,1,mot-clé/entité/ngram,H2/H3,,
https://www.galerie-clavreul.fr/le-fonds-de-dotation-d-art-du-groupe-weiss-un-engagement-en-faveur-de-la-promotion-artistique/,promotion artistique engagée,fonds dotation art,1,mot-clé/entité/ngram,H2/H3,,
https://www.galerie-clavreul.fr/le-fonds-de-dotation-d-art-du-groupe-weiss-un-engagement-en-faveur-de-la-promotion-artistique/,promotion artistique engagée,art groupe weiss,1,mot-clé/entité/ngram,H2/H3,,
https://www.galerie-clavreul.fr/le-fonds-de-dotation-d-art-du-groupe-weiss-un-engagement-en-faveur-de-la-promotion-artistique/,promotion artistique engagée,art groupe,1,mot-clé/entité/ngram,H2/H3,,
https://www.galerie-clavreul.fr/le-fonds-de-dotation-d-art-du-groupe-weiss-un-engagement-en-faveur-de-la-promotion-artistique/,promotion artistique engagée,weiss,1,mot-clé/entité/ngram,H2/H3,,
https://www.galerie-clavreul.fr/le-fonds-de-dotation-d-art-du-groupe-weiss-un-engagement-en-faveur-de-la-promotion-artistique/,promotion artistique engagée,groupe weiss,1,mot-clé/entité/ngram,H2/H3,,
https://www.galerie-clavreul.fr/le-fonds-de-dotation-d-art-du-groupe-weiss-un-engagement-en-faveur-de-la-promotion-artistique/,promotion artistique engagée,groupe,1,mot-clé/entité/ngram,H2/H3,,
https://www.galerie-clavreul.fr/le-fonds-de-dotation-d-art-du-groupe-weiss-un-engagement-en-faveur-de-la-promotion-artistique/,promotion artistique engagée,artistique,1,mot-clé/entité/ngram,H2/H3,,
https://www.galerie-clavreul.fr/le-fonds-de-dotation-d-art-du-groupe-weiss-un-engagement-en-faveur-de-la-promotion-artistique/,promotion artistique engagée,art,2,mot-clé/entité/ngram,H2/H3,,
https://www.galerie-clavreul.fr/le-fonds-de-dotation-d-art-du-groupe-weiss-un-engagement-en-faveur-de-la-promotion-artistique/,promotion artistique engagée,création,2,mot-clé/entité/ngram,H2/H3,,
https://www.galerie-clavreul.fr/le-fonds-de-dotation-d-art-du-groupe-weiss-un-engagement-en-faveur-de-la-promotion-artistique/,promotion artistique engagée,contemporain,2,mot-clé/entité/ngram,H2/H3,,
https://www.galerie-clavreul.fr/le-fonds-de-dotation-d-art-du-groupe-weiss-un-engagement-en-faveur-de-la-promotion-artistique/,promotion artistique engagée,artiste,2,mot-clé/entité/ngram,H2/H3,,
https://www.galerie-clavreul.fr/le-fonds-de-dotation-d-art-du-groupe-weiss-un-engagement-en-faveur-de-la-promotion-artistique/,promotion artistique engagée,promotion,2,mot-clé/entité/ngram,H2/H3,,
https://www.galerie-clavreul.fr/le-fonds-de-dotation-d-art-du-groupe-weiss-un-engagement-en-faveur-de-la-promotion-artistique/,promotion artistique engagée,culturel,2,mot-clé/entité/ngram,H2/H3,,
https://www.galerie-clavreul.fr/le-fonds-de-dotation-d-art-du-groupe-weiss-un-engagement-en-faveur-de-la-promotion-artistique/,promotion artistique engagée,offrir,2,mot-clé/entité/ngram,H2/H3,,
https://www.galerie-clavreul.fr/le-fonds-de-dotation-d-art-du-groupe-weiss-un-engagement-en-faveur-de-la-promotion-artistique/,promotion artistique engagée,artiste émergent,2,mot-clé/entité/ngram,H2/H3,,
https://www.galerie-clavreul.fr/le-fonds-de-dotation-d-art-du-groupe-weiss-un-engagement-en-faveur-de-la-promotion-artistique/,promotion artistique engagée,public,2,mot-clé/entité/ngram,H2/H3,,
https://www.galerie-clavreul.fr/le-fonds-de-dotation-d-art-du-groupe-weiss-un-engagement-en-faveur-de-la-promotion-artistique/,promotion artistique engagée,émergent,2,mot-clé/entité/ngram,H2/H3,,
https://www.galerie-clavreul.fr/le-fonds-de-dotation-d-art-du-groupe-weiss-un-engagement-en-faveur-de-la-promotion-artistique/,promotion artistique engagée,soutenir,2,mot-clé/entité/ngram,H2/H3,,
https://www.galerie-clavreul.fr/le-fonds-de-dotation-d-art-du-groupe-weiss-un-engagement-en-faveur-de-la-promotion-artistique/,promotion artistique engagée,engager,2,mot-clé/entité/ngram,H2/H3,,
https://www.galerie-clavreul.fr/le-fonds-de-dotation-d-art-du-groupe-weiss-un-engagement-en-faveur-de-la-promotion-artistique/,promotion artistique engagée,financier,3,mot-clé/entité/ngram,H2/H3,,
https://www.galerie-clavreul.fr/le-fonds-de-dotation-d-art-du-groupe-weiss-un-engagement-en-faveur-de-la-promotion-artistique/,promotion artistique engagée,événement,3,mot-clé/entité/ngram,H2/H3,,
https://www.galerie-clavreul.fr/le-fonds-de-dotation-d-art-du-groupe-weiss-un-engagement-en-faveur-de-la-promotion-artistique/,promotion artistique engagée,œuvre art historique,3,mot-clé/entité/ngram,H2/H3,,
https://www.galerie-clavreul.fr/le-fonds-de-dotation-d-art-du-groupe-weiss-un-engagement-en-faveur-de-la-promotion-artistique/,promotion artistique engagée,art historique,3,mot-clé/entité/ngram,H2/H3,,
https://www.galerie-clavreul.fr/le-fonds-de-dotation-d-art-du-groupe-weiss-un-engagement-en-faveur-de-la-promotion-artistique/,promotion artistique engagée,artistique fonds dotation,3,mot-clé/entité/ngram,H2/H3,,
https://www.galerie-clavreul.fr/le-fonds-de-dotation-d-art-du-groupe-weiss-un-engagement-en-faveur-de-la-promotion-artistique/,promotion artistique engagée,artistique fonds,3,mot-clé/entité/ngram,H2/H3,,
https://www.galerie-clavreul.fr/pourquoi-investir-dans-lart-contemporain/,que des avantages !,investissement,1,mot-clé/entité/ngram,H2/H3,,
https://www.galerie-clavreul.fr/pourquoi-investir-dans-lart-contemporain/,que des avantages !,art,1,mot-clé/entité/ngram,H2/H3,,
https://www.galerie-clavreul.fr/pourquoi-investir-dans-lart-contemporain/,que des avantages !,marché,1,mot-clé/entité/ngram,H2/H3,,
https://www.galerie-clavreul.fr/pourquoi-investir-dans-lart-contemporain/,que des avantages !,objet art,1,mot-clé/entité/ngram,H2/H3,,
https://www.galerie-clavreul.fr/pourquoi-investir-dans-lart-contemporain/,que des avantages !,an,1,mot-clé/entité/ngram,H2/H3,,
https://www.galerie-clavreul.fr/pourquoi-investir-dans-lart-contemporain/,que des avantages !,financier,1,mot-clé/entité/ngram,H2/H3,,
https://www.galerie-clavreul.fr/pourquoi-investir-dans-lart-contemporain/,que des avantages !,investisseur,1,mot-clé/entité/ngram,H2/H3,,
https://www.galerie-clavreul.fr/pourquoi-investir-dans-lart-contemporain/,que des avantages !,terme,1,mot-clé/entité/ngram,H2/H3,,
https://www.galerie-clavreul.fr/pourquoi-investir-dans-lart-contemporain/,que des avantages !,contemporain,1,mot-clé/entité/ngram,H2/H3,,
https://www.galerie-clavreul.fr/pourquoi-investir-dans-lart-contemporain/,que des avantages !,objet,1,mot-clé/entité/ngram,H2/H3,,
https://www.galerie-clavreul.fr/pourquoi-investir-dans-lart-contemporain/,que des avantages !,long terme,1,mot-clé/entité/ngram,H2/H3,,
https://www.galerie-clavreul.fr/pourquoi-investir-dans-lart-contemporain/,que des avantages !,art contemporain,1,mot-clé/entité/ngram,H2/H3,,
https://www.galerie-clavreul.fr/pourquoi-investir-dans-lart-contemporain/,que des avantages !,actif,2,mot-clé/entité/ngram,H2/H3,,
https://www.galerie-clavreul.fr/pourquoi-investir-dans-lart-contemporain/,que des avantages !,rentabilité,2,mot-clé/entité/ngram,H2/H3,,
https://www.galerie-clavreul.fr/pourquoi-investir-dans-lart-contemporain/,que des avantages !,artiste,2,mot-clé/entité/ngram,H2/H3,,
https://www.galerie-clavreul.fr/pourquoi-investir-dans-lart-contemporain/,que des avantages !,long,2,mot-clé/entité/ngram,H2/H3,,
https://www.galerie-clavreul.fr/pourquoi-investir-dans-lart-contemporain/,que des avantages !,artiste peintr contemporain,2,mot-clé/entité/ngram,H2/H3,,
https://www.galerie-clavreul.fr/pourquoi-investir-dans-lart-contemporain/,que des avantages !,revalorisation,2,mot-clé/entité/ngram,H2/H3,,
https://www.galerie-clavreul.fr/pourquoi-investir-dans-lart-contemporain/,que des avantages !,investissement art contemporain,2,mot-clé/entité/ngram,H2/H3,,
https://www.galerie-clavreul.fr/pourquoi-investir-dans-lart-contemporain/,que des avantages !,investissement art,2,mot-clé/entité/ngram,H2/H3,,
https://www.galerie-clavreul.fr/pourquoi-investir-dans-lart-contemporain/,que des avantages !,peintr contemporain,2,mot-clé/entité/ngram,H2/H3,,
https://www.galerie-clavreul.fr/pourquoi-investir-dans-lart-contemporain/,que des avantages !,marché financier,2,mot-clé/entité/ngram,H2/H3,,
https://www.galerie-clavreul.fr/pourquoi-investir-dans-lart-contemporain/,que des avantages !,peintr contemporain artiste,2,mot-clé/entité/ngram,H2/H3,,
https://www.galerie-clavreul.fr/pourquoi-investir-dans-lart-contemporain/,que des avantages !,crise,2,mot-clé/entité/ngram,H2/H3,,
https://www.galerie-clavreul.fr/pourquoi-investir-dans-lart-contemporain/,que des avantages !,cote,3,mot-clé/entité/ngram,H2/H3,,
https://www.galerie-clavreul.fr/pourquoi-investir-dans-lart-contemporain/,que des avantages !,œuvre art,3,mot-clé/entité/ngram,H2/H3,,
https://www.galerie-clavreul.fr/pourquoi-investir-dans-lart-contemporain/,que des avantages !,proposer,3,mot-clé/entité/ngram,H2/H3,,
https://www.galerie-clavreul.fr/pourquoi-investir-dans-lart-contemporain/,que des avantages !,peintr,3,mot-clé/entité/ngram,H2/H3,,
https://www.galerie-clavreul.fr/pourquoi-investir-dans-lart-contemporain/,que des avantages !,artiste peintr,3,mot-clé/entité/ngram,H2/H3,,
https://www.galerie-clavreul.fr/pourquoi-investir-dans-lart-contemporain/,que des avantages !,fiscalité,3,mot-clé/entité/ngram,H2/H3,,
https://www.galerie-clavreul.fr/comment-realiser-un-tableau-contemporain/,Comment peindre une toile moderne et contemporaine ?,toile moderne,1,mot-clé/entité/ngram,H2/H3,,
https://www.galerie-clavreul.fr/comment-realiser-un-tableau-contemporain/,Comment peindre une toile moderne et contemporaine ?,toile,1,mot-clé/entité/ngram,H2/H3,,
https://www.galerie-clavreul.fr/comment-realiser-un-tableau-contemporain/,Comment peindre une toile moderne et contemporaine ?,peindre,1,mot-clé/entité/ngram,H2/H3,,
https://www.galerie-clavreul.fr/comment-realiser-un-tableau-contemporain/,Comment peindre une toile moderne et contemporaine ?,tableau,1,mot-clé/entité/ngram,H2/H3,,
https://www.galerie-clavreul.fr/comment-realiser-un-tableau-contemporain/,Comment peindre une toile moderne et contemporaine ?,commencer,1,mot-clé/entité/ngram,H2/H3,,
https://www.galerie-clavreul.fr/comment-realiser-un-tableau-contemporain/,Comment peindre une toile moderne et contemporaine ?,peinture,1,mot-clé/entité/ngram,H2/H3,,
https://www.galerie-clavreul.fr/comment-realiser-un-tableau-contemporain/,Comment peindre une toile moderne et contemporaine ?,peindre tableau,1,mot-clé/entité/ngram,H2/H3,,
https://www.galerie-clavreul.fr/comment-realiser-un-tableau-contemporain/,Comment peindre une toile moderne et contemporaine ?,certainement,1,mot-clé/entité/ngram,H2/H3,,
https://www.galerie-clavreul.fr/comment-realiser-un-tableau-contemporain/,Comment peindre une toile moderne et contemporaine ?,sujet,1,mot-clé/entité/ngram,H2/H3,,
https://www.galerie-clavreul.fr/comment-realiser-un-tableau-contemporain/,Comment peindre une toile moderne et contemporaine ?,pouvoir,1,mot-clé/entité/ngram,H2/H3,,
https://www.galerie-clavreul.fr/comment-realiser-un-tableau-contemporain/,Comment peindre une toile moderne et contemporaine ?,préparer,1,mot-clé/entité/ngram,H2/H3,,
https://www.galerie-clavreul.fr/comment-realiser-un-tableau-contemporain/,Comment peindre une toile moderne et contemporaine ?,moderne,1,mot-clé/entité/ngram,H2/H3,,
https://www.galerie-clavreul.fr/comment-realiser-un-tableau-contemporain/,Comment peindre une toile moderne et contemporaine ?,utiliser,2,mot-clé/entité/ngram,H2/H3,,
https://www.galerie-clavreul.fr/comment-realiser-un-tableau-contemporain/,Comment peindre une toile moderne et contemporaine ?,tableau peintur,2,mot-clé/entité/ngram,H2/H3,,
https://www.galerie-clavreul.fr/comment-realiser-un-tableau-contemporain/,Comment peindre une toile moderne et contemporaine ?,chevalet,2,mot-clé/entité/ngram,H2/H3,,
https://www.galerie-clavreul.fr/comment-realiser-un-tableau-contemporain/,Comment peindre une toile moderne et contemporaine ?,journal,2,mot-clé/entité/ngram,H2/H3,,
https://www.galerie-clavreul.fr/comment-realiser-un-tableau-contemporain/,Comment peindre une toile moderne et contemporaine ?,matériel,2,mot-clé/entité/ngram,H2/H3,,
https://www.galerie-clavreul.fr/comment-realiser-un-tableau-contemporain/,Comment peindre une toile moderne et contemporaine ?,penser,2,mot-clé/entité/ngram,H2/H3,,
https://www.galerie-clavreul.fr/comment-realiser-un-tableau-contemporain/,Comment peindre une toile moderne et contemporaine ?,couleur,2,mot-clé/entité/ngram,H2/H3,,
https://www.galerie-clavreul.fr/comment-realiser-un-tableau-contemporain/,Comment peindre une toile moderne et contemporaine ?,réalisation,2,mot-clé/entité/ngram,H2/H3,,
https://www.galerie-clavreul.fr/comment-realiser-un-tableau-contemporain/,Comment peindre une toile moderne et contemporaine ?,main,2,mot-clé/entité/ngram,H2/H3,,
https://www.galerie-clavreul.fr/comment-realiser-un-tableau-contemporain/,Comment peindre une toile moderne et contemporaine ?,maison,2,mot-clé/entité/ngram,H2/H3,,
https://www.galerie-clavreul.fr/comment-realiser-un-tableau-contemporain/,Comment peindre une toile moderne et contemporaine ?,dessin,2,mot-clé/entité/ngram,H2/H3,,
https://www.galerie-clavreul.fr/comment-realiser-un-tableau-contemporain/,Comment peindre une toile moderne et contemporaine ?,peintur,2,mot-clé/entité/ngram,H2/H3,,
https://www.galerie-clavreul.fr/comment-realiser-un-tableau-contemporain/,Comment peindre une toile moderne et contemporaine ?,relief,3,mot-clé/entité/ngram,H2/H3,,
https://www.galerie-clavreul.fr/comment-realiser-un-tableau-contemporain/,Comment peindre une toile moderne et contemporaine ?,papier,3,mot-clé/entité/ngram,H2/H3,,
https://www.galerie-clavreul.fr/comment-realiser-un-tableau-contemporain/,Comment peindre une toile moderne et contemporaine ?,teinte,3,mot-clé/entité/ngram,H2/H3,,
https://www.galerie-clavreul.fr/comment-realiser-un-tableau-contemporain/,Comment peindre une toile moderne et contemporaine ?,place,3,mot-clé/entité/ngram,H2/H3,,
https://www.galerie-clavreul.fr/comment-realiser-un-tableau-contemporain/,Comment peindre une toile moderne et contemporaine ?,faire,3,mot-clé/entité/ngram,H2/H3,,
https://www.galerie-clavreul.fr/comment-realiser-un-tableau-contemporain/,Comment peindre une toile moderne et contemporaine ?,conseiller,3,mot-clé/entité/ngram,H2/H3,,
https://www.galerie-clavreul.fr/oeuvre-de-pierre-soulages-faire-une-estimation-en-ligne-pour-determiner-sa-valeur/,Faire une estimation en ligne des œuvres de Pierre Soulages,pierre soulages,1,mot-clé/entité/ngram,H2/H3,,
https://www.galerie-clavreul.fr/oeuvre-de-pierre-soulages-faire-une-estimation-en-ligne-pour-determiner-sa-valeur/,Faire une estimation en ligne des œuvres de Pierre Soulages,pierre,1,mot-clé/entité/ngram,H2/H3,,
https://www.galerie-clavreul.fr/oeuvre-de-pierre-soulages-faire-une-estimation-en-ligne-pour-determiner-sa-valeur/,Faire une estimation en ligne des œuvres de Pierre Soulages,soulages,1,mot-clé/entité/ngram,H2/H3,,
https://www.galerie-clavreul.fr/oeuvre-de-pierre-soulages-faire-une-estimation-en-ligne-pour-determiner-sa-valeur/,Faire une estimation en ligne des œuvres de Pierre Soulages,estimation,1,mot-clé/entité/ngram,H2/H3,,
https://www.galerie-clavreul.fr/oeuvre-de-pierre-soulages-faire-une-estimation-en-ligne-pour-determiner-sa-valeur/,Faire une estimation en ligne des œuvres de Pierre Soulages,œuvre pierre,1,mot-clé/entité/ngram,H2/H3,,
https://www.galerie-clavreul.fr/oeuvre-de-pierre-soulages-faire-une-estimation-en-ligne-pour-determiner-sa-valeur/,Faire une estimation en ligne des œuvres de Pierre Soulages,œuvre pierre soulages,1,mot-clé/entité/ngram,H2/H3,,
https://www.galerie-clavreul.fr/oeuvre-de-pierre-soulages-faire-une-estimation-en-ligne-pour-determiner-sa-valeur/,Faire une estimation en ligne des œuvres de Pierre Soulages,œuvre,1,mot-clé/entité/ngram,H2/H3,,
https://www.galerie-clavreul.fr/oeuvre-de-pierre-soulages-faire-une-estimation-en-ligne-pour-determiner-sa-valeur/,Faire une estimation en ligne des œuvres de Pierre Soulages,expert,1,mot-clé/entité/ngram,H2/H3,,
https://www.galerie-clavreul.fr/oeuvre-de-pierre-soulages-faire-une-estimation-en-ligne-pour-determiner-sa-valeur/,Faire une estimation en ligne des œuvres de Pierre Soulages,signature,1,mot-clé/entité/ngram,H2/H3,,
https://www.galerie-clavreul.fr/oeuvre-de-pierre-soulages-faire-une-estimation-en-ligne-pour-determiner-sa-valeur/,Faire une estimation en ligne des œuvres de Pierre Soulages,valeur,1,mot-clé/entité/ngram,H2/H3,,
https://www.galerie-clavreul.fr/oeuvre-de-pierre-soulages-faire-une-estimation-en-ligne-pour-determiner-sa-valeur/,Faire une estimation en ligne des œuvres de Pierre Soulages,expertise,1,mot-clé/entité/ngram,H2/H3,,
https://www.galerie-clavreul.fr/oeuvre-de-pierre-soulages-faire-une-estimation-en-ligne-pour-determiner-sa-valeur/,Faire une estimation en ligne des œuvres de Pierre Soulages,estimation œuvre pierre,1,mot-clé/entité/ngram,H2/H3,,
https://www.galerie-clavreul.fr/oeuvre-de-pierre-soulages-faire-une-estimation-en-ligne-pour-determiner-sa-valeur/,Faire une estimation en ligne des œuvres de Pierre Soulages,estimation œuvre,2,mot-clé/entité/ngram,H2/H3,,
https://www.galerie-clavreul.fr/oeuvre-de-pierre-soulages-faire-une-estimation-en-ligne-pour-determiner-sa-valeur/,Faire une estimation en ligne des œuvres de Pierre Soulages,estimer,2,mot-clé/entité/ngram,H2/H3,,
https://www.galerie-clavreul.fr/oeuvre-de-pierre-soulages-faire-une-estimation-en-ligne-pour-determiner-sa-valeur/,Faire une estimation en ligne des œuvres de Pierre Soulages,expert art,2,mot-clé/entité/ngram,H2/H3,,
https://www.galerie-clavreul.fr/oeuvre-de-pierre-soulages-faire-une-estimation-en-ligne-pour-determiner-sa-valeur/,Faire une estimation en ligne des œuvres de Pierre Soulages,critère,2,mot-clé/entité/ngram,H2/H3,,
https://www.galerie-clavreul.fr/oeuvre-de-pierre-soulages-faire-une-estimation-en-ligne-pour-determiner-sa-valeur/,Faire une estimation en ligne des œuvres de Pierre Soulages,valeur œuvre,2,mot-clé/entité/ngram,H2/H3,,
https://www.galerie-clavreul.fr/oeuvre-de-pierre-soulages-faire-une-estimation-en-ligne-pour-determiner-sa-valeur/,Faire une estimation en ligne des œuvres de Pierre Soulages,présence,2,mot-clé/entité/ngram,H2/H3,,
https://www.galerie-clavreul.fr/oeuvre-de-pierre-soulages-faire-une-estimation-en-ligne-pour-determiner-sa-valeur/,Faire une estimation en ligne des œuvres de Pierre Soulages,tableau,2,mot-clé/entité/ngram,H2/H3,,
https://www.galerie-clavreul.fr/oeuvre-de-pierre-soulages-faire-une-estimation-en-ligne-pour-determiner-sa-valeur/,Faire une estimation en ligne des œuvres de Pierre Soulages,art,2,mot-clé/entité/ngram,H2/H3,,
https://www.galerie-clavreul.fr/oeuvre-de-pierre-soulages-faire-une-estimation-en-ligne-pour-determiner-sa-valeur/,Faire une estimation en ligne des œuvres de Pierre Soulages,œuvre art,2,mot-clé/entité/ngram,H2/H3,,
https://www.galerie-clavreul.fr/oeuvre-de-pierre-soulages-faire-une-estimation-en-ligne-pour-determiner-sa-valeur/,Faire une estimation en ligne des œuvres de Pierre Soulages,nécessaire,2,mot-clé/entité/ngram,H2/H3,,
https://www.galerie-clavreul.fr/oeuvre-de-pierre-soulages-faire-une-estimation-en-ligne-pour-determiner-sa-valeur/,Faire une estimation en ligne des œuvres de Pierre Soulages,détail,2,mot-clé/entité/ngram,H2/H3,,
https://www.galerie-clavreul.fr/oeuvre-de-pierre-soulages-faire-une-estimation-en-ligne-pour-determiner-sa-valeur/,Faire une estimation en ligne des œuvres de Pierre Soulages,expertise œuvre art,2,mot-clé/entité/ngram,H2/H3,,
https://www.galerie-clavreul.fr/oeuvre-de-pierre-soulages-faire-une-estimation-en-ligne-pour-determiner-sa-valeur/,Faire une estimation en ligne des œuvres de Pierre Soulages,présence signature,3,mot-clé/entité/ngram,H2/H3,,
https://www.galerie-clavreul.fr/oeuvre-de-pierre-soulages-faire-une-estimation-en-ligne-pour-determiner-sa-valeur/,Faire une estimation en ligne des œuvres de Pierre Soulages,priseur expert,3,mot-clé/entité/ngram,H2/H3,,
https://www.galerie-clavreul.fr/oeuvre-de-pierre-soulages-faire-une-estimation-en-ligne-pour-determiner-sa-valeur/,Faire une estimation en ligne des œuvres de Pierre Soulages,priseur,3,mot-clé/entité/ngram,H2/H3,,
https://www.galerie-clavreul.fr/oeuvre-de-pierre-soulages-faire-une-estimation-en-ligne-pour-determiner-sa-valeur/,Faire une estimation en ligne des œuvres de Pierre Soulages,expertise œuvre,3,mot-clé/entité/ngram,H2/H3,,
https://www.galerie-clavreul.fr/oeuvre-de-pierre-soulages-faire-une-estimation-en-ligne-pour-determiner-sa-valeur/,Faire une estimation en ligne des œuvres de Pierre Soulages,pierre soulages vouloir,3,mot-clé/entité/ngram,H2/H3,,
https://www.galerie-clavreul.fr/oeuvre-de-pierre-soulages-faire-une-estimation-en-ligne-pour-determiner-sa-valeur/,Faire une estimation en ligne des œuvres de Pierre Soulages,commissaire priseur expert,3,mot-clé/entité/ngram,H2/H3,,
https://www.galerie-clavreul.fr/avantages-et-inconvenients-de-la-peinture-acrylique/,avantages et inconvénients,peinture,1,mot-clé/entité/ngram,H2/H3,,
https://www.galerie-clavreul.fr/avantages-et-inconvenients-de-la-peinture-acrylique/,avantages et inconvénients,acrylique,1,mot-clé/entité/ngram,H2/H3,,
https://www.galerie-clavreul.fr/avantages-et-inconvenients-de-la-peinture-acrylique/,avantages et inconvénients,inconvénient,1,mot-clé/entité/ngram,H2/H3,,
https://www.galerie-clavreul.fr/avantages-et-inconvenients-de-la-peinture-acrylique/,avantages et inconvénients,séchage,1,mot-clé/entité/ngram,H2/H3,,
https://www.galerie-clavreul.fr/avantages-et-inconvenients-de-la-peinture-acrylique/,avantages et inconvénients,mélange,1,mot-clé/entité/ngram,H2/H3,,
https://www.galerie-clavreul.fr/avantages-et-inconvenients-de-la-peinture-acrylique/,avantages et inconvénients,peinture abstraite acrylique,1,mot-clé/entité/ngram,H2/H3,,
https://www.galerie-clavreul.fr/avantages-et-inconvenients-de-la-peinture-acrylique/,avantages et inconvénients,abstraite acrylique,1,mot-clé/entité/ngram,H2/H3,,
https://www.galerie-clavreul.fr/avantages-et-inconvenients-de-la-peinture-acrylique/,avantages et inconvénients,palette,1,mot-clé/entité/ngram,H2/H3,,
https://www.galerie-clavreul.fr/avantages-et-inconvenients-de-la-peinture-acrylique/,avantages et inconvénients,peinture acrylique,1,mot-clé/entité/ngram,H2/H3,,
https://www.galerie-clavreul.fr/avantages-et-inconvenients-de-la-peinture-acrylique/,avantages et inconvénients,pouvoir,1,mot-clé/entité/ngram,H2/H3,,
https://www.galerie-clavreul.fr/avantages-et-inconvenients-de-la-peinture-acrylique/,avantages et inconvénients,éviter,1,mot-clé/entité/ngram,H2/H3,,
https://www.galerie-clavreul.fr/avantages-et-inconvenients-de-la-peinture-acrylique/,avantages et inconvénients,eau,1,mot-clé/entité/ngram,H2/H3,,
https://www.galerie-clavreul.fr/avantages-et-inconvenients-de-la-peinture-acrylique/,avantages et inconvénients,peinture abstraite,2,mot-clé/entité/ngram,H2/H3,,
https://www.galerie-clavreul.fr/avantages-et-inconvenients-de-la-peinture-acrylique/,avantages et inconvénients,abstraite,2,mot-clé/entité/ngram,H2/H3,,
https://www.galerie-clavreul.fr/avantages-et-inconvenients-de-la-peinture-acrylique/,avantages et inconvénients,abstrait design,2,mot-clé/entité/ngram,H2/H3,,
https://www.galerie-clavreul.fr/avantages-et-inconvenients-de-la-peinture-acrylique/,avantages et inconvénients,pouvoir faire,2,mot-clé/entité/ngram,H2/H3,,
https://www.galerie-clavreul.fr/avantages-et-inconvenients-de-la-peinture-acrylique/,avantages et inconvénients,tableau abstrait design,2,mot-clé/entité/ngram,H2/H3,,
https://www.galerie-clavreul.fr/avantages-et-inconvenients-de-la-peinture-acrylique/,avantages et inconvénients,devenir,2,mot-clé/entité/ngram,H2/H3,,
https://www.galerie-clavreul.fr/avantages-et-inconvenients-de-la-peinture-acrylique/,avantages et inconvénients,conseiller,2,mot-clé/entité/ngram,H2/H3,,
https://www.galerie-clavreul.fr/avantages-et-inconvenients-de-la-peinture-acrylique/,avantages et inconvénients,savoir,2,mot-clé/entité/ngram,H2/H3,,
https://www.galerie-clavreul.fr/avantages-et-inconvenients-de-la-peinture-acrylique/,avantages et inconvénients,peinture acrylique conseiller,2,mot-clé/entité/ngram,H2/H3,,
https://www.galerie-clavreul.fr/avantages-et-inconvenients-de-la-peinture-acrylique/,avantages et inconvénients,acrylique conseiller,2,mot-clé/entité/ngram,H2/H3,,
https://www.galerie-clavreul.fr/avantages-et-inconvenients-de-la-peinture-acrylique/,avantages et inconvénients,eau peinture,2,mot-clé/entité/ngram,H2/H3,,
https://www.galerie-clavreul.fr/avantages-et-inconvenients-de-la-peinture-acrylique/,avantages et inconvénients,facilité,2,mot-clé/entité/ngram,H2/H3,,
https://www.galerie-clavreul.fr/avantages-et-inconvenients-de-la-peinture-acrylique/,avantages et inconvénients,eau peinture acrylique,3,mot-clé/entité/ngram,H2/H3,,
https://www.galerie-clavreul.fr/avantages-et-inconvenients-de-la-peinture-acrylique/,avantages et inconvénients,conseiller débutant,3,mot-clé/entité/ngram,H2/H3,,
https://www.galerie-clavreul.fr/avantages-et-inconvenients-de-la-peinture-acrylique/,avantages et inconvénients,représenter,3,mot-clé/entité/ngram,H2/H3,,
https://www.galerie-clavreul.fr/avantages-et-inconvenients-de-la-peinture-acrylique/,avantages et inconvénients,avantage,3,mot-clé/entité/ngram,H2/H3,,
https://www.galerie-clavreul.fr/avantages-et-inconvenients-de-la-peinture-acrylique/,avantages et inconvénients,an,3,mot-clé/entité/ngram,H2/H3,,
https://www.galerie-clavreul.fr/avantages-et-inconvenients-de-la-peinture-acrylique/,avantages et inconvénients,art peinture,3,mot-clé/entité/ngram,H2/H3,,
https://www.galerie-clavreul.fr/comment-analyser-une-sculpture-abstraite/,,sculpture,1,mot-clé/entité/ngram,H2/H3,,
https://www.galerie-clavreul.fr/comment-analyser-une-sculpture-abstraite/,,sculpture abstrait,1,mot-clé/entité/ngram,H2/H3,,
https://www.galerie-clavreul.fr/comment-analyser-une-sculpture-abstraite/,,artiste,1,mot-clé/entité/ngram,H2/H3,,
https://www.galerie-clavreul.fr/comment-analyser-une-sculpture-abstraite/,,forme art,1,mot-clé/entité/ngram,H2/H3,,
https://www.galerie-clavreul.fr/comment-analyser-une-sculpture-abstraite/,,forme,1,mot-clé/entité/ngram,H2/H3,,
https://www.galerie-clavreul.fr/comment-analyser-une-sculpture-abstraite/,,abstrait,1,mot-clé/entité/ngram,H2/H3,,
https://www.galerie-clavreul.fr/comment-analyser-une-sculpture-abstraite/,,regarder,1,mot-clé/entité/ngram,H2/H3,,
https://www.galerie-clavreul.fr/comment-analyser-une-sculpture-abstraite/,,nouveau forme,1,mot-clé/entité/ngram,H2/H3,,
https://www.galerie-clavreul.fr/comment-analyser-une-sculpture-abstraite/,,refonte,1,mot-clé/entité/ngram,H2/H3,,
https://www.galerie-clavreul.fr/comment-analyser-une-sculpture-abstraite/,,architecture urbanisme,1,mot-clé/entité/ngram,H2/H3,,
https://www.galerie-clavreul.fr/comment-analyser-une-sculpture-abstraite/,,sculpture moderne,1,mot-clé/entité/ngram,H2/H3,,
https://www.galerie-clavreul.fr/comment-analyser-une-sculpture-abstraite/,,analyse,1,mot-clé/entité/ngram,H2/H3,,
https://www.galerie-clavreul.fr/comment-analyser-une-sculpture-abstraite/,,urbanisme,2,mot-clé/entité/ngram,H2/H3,,
https://www.galerie-clavreul.fr/comment-analyser-une-sculpture-abstraite/,,moderne,2,mot-clé/entité/ngram,H2/H3,,
https://www.galerie-clavreul.fr/comment-analyser-une-sculpture-abstraite/,,permettre,2,mot-clé/entité/ngram,H2/H3,,
https://www.galerie-clavreul.fr/comment-analyser-une-sculpture-abstraite/,,œuvre,2,mot-clé/entité/ngram,H2/H3,,
https://www.galerie-clavreul.fr/comment-analyser-une-sculpture-abstraite/,,art fois,2,mot-clé/entité/ngram,H2/H3,,
https://www.galerie-clavreul.fr/comment-analyser-une-sculpture-abstraite/,,distinguer,2,mot-clé/entité/ngram,H2/H3,,
https://www.galerie-clavreul.fr/comment-analyser-une-sculpture-abstraite/,,forme art fois,2,mot-clé/entité/ngram,H2/H3,,
https://www.galerie-clavreul.fr/comment-analyser-une-sculpture-abstraite/,,composition,2,mot-clé/entité/ngram,H2/H3,,
https://www.galerie-clavreul.fr/comment-analyser-une-sculpture-abstraite/,,savoir davantage,2,mot-clé/entité/ngram,H2/H3,,
https://www.galerie-clavreul.fr/comment-analyser-une-sculpture-abstraite/,,devoir,2,mot-clé/entité/ngram,H2/H3,,
https://www.galerie-clavreul.fr/comment-analyser-une-sculpture-abstraite/,,histoire,2,mot-clé/entité/ngram,H2/H3,,
https://www.galerie-clavreul.fr/comment-analyser-une-sculpture-abstraite/,,mouvement,2,mot-clé/entité/ngram,H2/H3,,
https://www.galerie-clavreul.fr/comment-analyser-une-sculpture-abstraite/,,davantage,3,mot-clé/entité/ngram,H2/H3,,
https://www.galerie-clavreul.fr/comment-analyser-une-sculpture-abstraite/,,fois avoir,3,mot-clé/entité/ngram,H2/H3,,
https://www.galerie-clavreul.fr/comment-analyser-une-sculpture-abstraite/,,architecture,3,mot-clé/entité/ngram,H2/H3,,
https://www.galerie-clavreul.fr/comment-analyser-une-sculpture-abstraite/,,fois,3,mot-clé/entité/ngram,H2/H3,,
https://www.galerie-clavreul.fr/comment-analyser-une-sculpture-abstraite/,,charme,3,mot-clé/entité/ngram,H2/H3,,
https://www.galerie-clavreul.fr/comment-analyser-une-sculpture-abstraite/,,ensuite,3,mot-clé/entité/ngram,H2/H3,,
https://www.galerie-clavreul.fr/quelles-sont-les-caracteristiques-de-la-peinture-abstraite/,quelles caractéristiques ?,spectateur,1,mot-clé/entité/ngram,H2/H3,,
https://www.galerie-clavreul.fr/quelles-sont-les-caracteristiques-de-la-peinture-abstraite/,quelles caractéristiques ?,abstrait,1,mot-clé/entité/ngram,H2/H3,,
https://www.galerie-clavreul.fr/quelles-sont-les-caracteristiques-de-la-peinture-abstraite/,quelles caractéristiques ?,esprit,1,mot-clé/entité/ngram,H2/H3,,
https://www.galerie-clavreul.fr/quelles-sont-les-caracteristiques-de-la-peinture-abstraite/,quelles caractéristiques ?,peinture abstrait,1,mot-clé/entité/ngram,H2/H3,,
https://www.galerie-clavreul.fr/quelles-sont-les-caracteristiques-de-la-peinture-abstraite/,quelles caractéristiques ?,représenter,1,mot-clé/entité/ngram,H2/H3,,
https://www.galerie-clavreul.fr/quelles-sont-les-caracteristiques-de-la-peinture-abstraite/,quelles caractéristiques ?,peinture,1,mot-clé/entité/ngram,H2/H3,,
https://www.galerie-clavreul.fr/quelles-sont-les-caracteristiques-de-la-peinture-abstraite/,quelles caractéristiques ?,représentation,1,mot-clé/entité/ngram,H2/H3,,
https://www.galerie-clavreul.fr/quelles-sont-les-caracteristiques-de-la-peinture-abstraite/,quelles caractéristiques ?,employer,1,mot-clé/entité/ngram,H2/H3,,
https://www.galerie-clavreul.fr/quelles-sont-les-caracteristiques-de-la-peinture-abstraite/,quelles caractéristiques ?,comprendre,1,mot-clé/entité/ngram,H2/H3,,
https://www.galerie-clavreul.fr/quelles-sont-les-caracteristiques-de-la-peinture-abstraite/,quelles caractéristiques ?,message,1,mot-clé/entité/ngram,H2/H3,,
https://www.galerie-clavreul.fr/quelles-sont-les-caracteristiques-de-la-peinture-abstraite/,quelles caractéristiques ?,percevoir,1,mot-clé/entité/ngram,H2/H3,,
https://www.galerie-clavreul.fr/quelles-sont-les-caracteristiques-de-la-peinture-abstraite/,quelles caractéristiques ?,forme,1,mot-clé/entité/ngram,H2/H3,,
https://www.galerie-clavreul.fr/quelles-sont-les-caracteristiques-de-la-peinture-abstraite/,quelles caractéristiques ?,regard,2,mot-clé/entité/ngram,H2/H3,,
https://www.galerie-clavreul.fr/quelles-sont-les-caracteristiques-de-la-peinture-abstraite/,quelles caractéristiques ?,émotion,2,mot-clé/entité/ngram,H2/H3,,
https://www.galerie-clavreul.fr/quelles-sont-les-caracteristiques-de-la-peinture-abstraite/,quelles caractéristiques ?,sentiment,2,mot-clé/entité/ngram,H2/H3,,
https://www.galerie-clavreul.fr/quelles-sont-les-caracteristiques-de-la-peinture-abstraite/,quelles caractéristiques ?,transmettre,2,mot-clé/entité/ngram,H2/H3,,
https://www.galerie-clavreul.fr/quelles-sont-les-caracteristiques-de-la-peinture-abstraite/,quelles caractéristiques ?,tendance,2,mot-clé/entité/ngram,H2/H3,,
https://www.galerie-clavreul.fr/quelles-sont-les-caracteristiques-de-la-peinture-abstraite/,quelles caractéristiques ?,peintre,2,mot-clé/entité/ngram,H2/H3,,
https://www.galerie-clavreul.fr/quelles-sont-les-caracteristiques-de-la-peinture-abstraite/,quelles caractéristiques ?,artistique,2,mot-clé/entité/ngram,H2/H3,,
https://www.galerie-clavreul.fr/quelles-sont-les-caracteristiques-de-la-peinture-abstraite/,quelles caractéristiques ?,artiste,2,mot-clé/entité/ngram,H2/H3,,
https://www.galerie-clavreul.fr/quelles-sont-les-caracteristiques-de-la-peinture-abstraite/,quelles caractéristiques ?,général,2,mot-clé/entité/ngram,H2/H3,,
https://www.galerie-clavreul.fr/quelles-sont-les-caracteristiques-de-la-peinture-abstraite/,quelles caractéristiques ?,personnel,2,mot-clé/entité/ngram,H2/H3,,
https://www.galerie-clavreul.fr/quelles-sont-les-caracteristiques-de-la-peinture-abstraite/,quelles caractéristiques ?,rien,2,mot-clé/entité/ngram,H2/H3,,
https://www.galerie-clavreul.fr/quelles-sont-les-caracteristiques-de-la-peinture-abstraite/,quelles caractéristiques ?,imagination,2,mot-clé/entité/ngram,H2/H3,,
https://www.galerie-clavreul.fr/quelles-sont-les-caracteristiques-de-la-peinture-abstraite/,quelles caractéristiques ?,expression,3,mot-clé/entité/ngram,H2/H3,,
https://www.galerie-clavreul.fr/quelles-sont-les-caracteristiques-de-la-peinture-abstraite/,quelles caractéristiques ?,abstraite,3,mot-clé/entité/ngram,H2/H3,,
https://www.galerie-clavreul.fr/quelles-sont-les-caracteristiques-de-la-peinture-abstraite/,quelles caractéristiques ?,tableau abstrait,3,mot-clé/entité/ngram,H2/H3,,
https://www.galerie-clavreul.fr/quelles-sont-les-caracteristiques-de-la-peinture-abstraite/,quelles caractéristiques ?,clair,3,mot-clé/entité/ngram,H2/H3,,
https://www.galerie-clavreul.fr/quelles-sont-les-caracteristiques-de-la-peinture-abstraite/,quelles caractéristiques ?,peinture abstraite,3,mot-clé/entité/ngram,H2/H3,,
https://www.galerie-clavreul.fr/quelles-sont-les-caracteristiques-de-la-peinture-abstraite/,quelles caractéristiques ?,ailleurs,3,mot-clé/entité/ngram,H2/H3,,
https://www.galerie-clavreul.fr/quels-sont-les-conseils-pour-acheter-une-oeuvre-dart/,Achat de tableau ? Comment s'y prendre ?,achat,1,mot-clé/entité/ngram,H2/H3,,
https://www.galerie-clavreul.fr/quels-sont-les-conseils-pour-acheter-une-oeuvre-dart/,Achat de tableau ? Comment s'y prendre ?,achat tableau,1,mot-clé/entité/ngram,H2/H3,,
https://www.galerie-clavreul.fr/quels-sont-les-conseils-pour-acheter-une-oeuvre-dart/,Achat de tableau ? Comment s'y prendre ?,tableau,1,mot-clé/entité/ngram,H2/H3,,
https://www.galerie-clavreul.fr/quels-sont-les-conseils-pour-acheter-une-oeuvre-dart/,Achat de tableau ? Comment s'y prendre ?,acheter,1,mot-clé/entité/ngram,H2/H3,,
https://www.galerie-clavreul.fr/quels-sont-les-conseils-pour-acheter-une-oeuvre-dart/,Achat de tableau ? Comment s'y prendre ?,com,1,mot-clé/entité/ngram,H2/H3,,
https://www.galerie-clavreul.fr/quels-sont-les-conseils-pour-acheter-une-oeuvre-dart/,Achat de tableau ? Comment s'y prendre ?,tableau abstrait,1,mot-clé/entité/ngram,H2/H3,,
https://www.galerie-clavreul.fr/quels-sont-les-conseils-pour-acheter-une-oeuvre-dart/,Achat de tableau ? Comment s'y prendre ?,acquérir,1,mot-clé/entité/ngram,H2/H3,,
https://www.galerie-clavreul.fr/quels-sont-les-conseils-pour-acheter-une-oeuvre-dart/,Achat de tableau ? Comment s'y prendre ?,parcours,1,mot-clé/entité/ngram,H2/H3,,
https://www.galerie-clavreul.fr/quels-sont-les-conseils-pour-acheter-une-oeuvre-dart/,Achat de tableau ? Comment s'y prendre ?,tableau abstrait cher,1,mot-clé/entité/ngram,H2/H3,,
https://www.galerie-clavreul.fr/quels-sont-les-conseils-pour-acheter-une-oeuvre-dart/,Achat de tableau ? Comment s'y prendre ?,reproduction,1,mot-clé/entité/ngram,H2/H3,,
https://www.galerie-clavreul.fr/quels-sont-les-conseils-pour-acheter-une-oeuvre-dart/,Achat de tableau ? Comment s'y prendre ?,abstrait cher,1,mot-clé/entité/ngram,H2/H3,,
https://www.galerie-clavreul.fr/quels-sont-les-conseils-pour-acheter-une-oeuvre-dart/,Achat de tableau ? Comment s'y prendre ?,voler,1,mot-clé/entité/ngram,H2/H3,,
https://www.galerie-clavreul.fr/quels-sont-les-conseils-pour-acheter-une-oeuvre-dart/,Achat de tableau ? Comment s'y prendre ?,œuvre,2,mot-clé/entité/ngram,H2/H3,,
https://www.galerie-clavreul.fr/quels-sont-les-conseils-pour-acheter-une-oeuvre-dart/,Achat de tableau ? Comment s'y prendre ?,aider,2,mot-clé/entité/ngram,H2/H3,,
https://www.galerie-clavreul.fr/quels-sont-les-conseils-pour-acheter-une-oeuvre-dart/,Achat de tableau ? Comment s'y prendre ?,cher,2,mot-clé/entité/ngram,H2/H3,,
https://www.galerie-clavreul.fr/quels-sont-les-conseils-pour-acheter-une-oeuvre-dart/,Achat de tableau ? Comment s'y prendre ?,critère,2,mot-clé/entité/ngram,H2/H3,,
https://www.galerie-clavreul.fr/quels-sont-les-conseils-pour-acheter-une-oeuvre-dart/,Achat de tableau ? Comment s'y prendre ?,ouvrage,2,mot-clé/entité/ngram,H2/H3,,
https://www.galerie-clavreul.fr/quels-sont-les-conseils-pour-acheter-une-oeuvre-dart/,Achat de tableau ? Comment s'y prendre ?,être,2,mot-clé/entité/ngram,H2/H3,,
https://www.galerie-clavreul.fr/quels-sont-les-conseils-pour-acheter-une-oeuvre-dart/,Achat de tableau ? Comment s'y prendre ?,abstrait,2,mot-clé/entité/ngram,H2/H3,,
https://www.galerie-clavreul.fr/quels-sont-les-conseils-pour-acheter-une-oeuvre-dart/,Achat de tableau ? Comment s'y prendre ?,éviter,2,mot-clé/entité/ngram,H2/H3,,
https://www.galerie-clavreul.fr/quels-sont-les-conseils-pour-acheter-une-oeuvre-dart/,Achat de tableau ? Comment s'y prendre ?,fonction,2,mot-clé/entité/ngram,H2/H3,,
https://www.galerie-clavreul.fr/quels-sont-les-conseils-pour-acheter-une-oeuvre-dart/,Achat de tableau ? Comment s'y prendre ?,chose,2,mot-clé/entité/ngram,H2/H3,,
https://www.galerie-clavreul.fr/quels-sont-les-conseils-pour-acheter-une-oeuvre-dart/,Achat de tableau ? Comment s'y prendre ?,prix,2,mot-clé/entité/ngram,H2/H3,,
https://www.galerie-clavreul.fr/quels-sont-les-conseils-pour-acheter-une-oeuvre-dart/,Achat de tableau ? Comment s'y prendre ?,investir,2,mot-clé/entité/ngram,H2/H3,,
https://www.galerie-clavreul.fr/quels-sont-les-conseils-pour-acheter-une-oeuvre-dart/,Achat de tableau ? Comment s'y prendre ?,conseil,3,mot-clé/entité/ngram,H2/H3,,
https://www.galerie-clavreul.fr/quels-sont-les-conseils-pour-acheter-une-oeuvre-dart/,Achat de tableau ? Comment s'y prendre ?,besoin,3,mot-clé/entité/ngram,H2/H3,,
https://www.galerie-clavreul.fr/quels-sont-les-conseils-pour-acheter-une-oeuvre-dart/,Achat de tableau ? Comment s'y prendre ?,galerie,3,mot-clé/entité/ngram,H2/H3,,
https://www.galerie-clavreul.fr/quels-sont-les-conseils-pour-acheter-une-oeuvre-dart/,Achat de tableau ? Comment s'y prendre ?,idéal,3,mot-clé/entité/ngram,H2/H3,,
https://www.galerie-clavreul.fr/quels-sont-les-conseils-pour-acheter-une-oeuvre-dart/,Achat de tableau ? Comment s'y prendre ?,toile,3,mot-clé/entité/ngram,H2/H3,,
https://www.galerie-clavreul.fr/quels-sont-les-conseils-pour-acheter-une-oeuvre-dart/,Achat de tableau ? Comment s'y prendre ?,artiste,3,mot-clé/entité/ngram,H2/H3,,
https://www.galerie-clavreul.fr/comment-utiliser-une-peinture-acrylique-pour-les-debutants/,,peinture,1,mot-clé/entité/ngram,H2/H3,,
https://www.galerie-clavreul.fr/comment-utiliser-une-peinture-acrylique-pour-les-debutants/,,eau,1,mot-clé/entité/ngram,H2/H3,,
https://www.galerie-clavreul.fr/comment-utiliser-une-peinture-acrylique-pour-les-debutants/,,format,1,mot-clé/entité/ngram,H2/H3,,
https://www.galerie-clavreul.fr/comment-utiliser-une-peinture-acrylique-pour-les-debutants/,,peinture acrylique,1,mot-clé/entité/ngram,H2/H3,,
https://www.galerie-clavreul.fr/comment-utiliser-une-peinture-acrylique-pour-les-debutants/,,acrylique,1,mot-clé/entité/ngram,H2/H3,,
https://www.galerie-clavreul.fr/comment-utiliser-une-peinture-acrylique-pour-les-debutants/,,couleur,1,mot-clé/entité/ngram,H2/H3,,
https://www.galerie-clavreul.fr/comment-utiliser-une-peinture-acrylique-pour-les-debutants/,,texture,1,mot-clé/entité/ngram,H2/H3,,
https://www.galerie-clavreul.fr/comment-utiliser-une-peinture-acrylique-pour-les-debutants/,,peindre couleur,1,mot-clé/entité/ngram,H2/H3,,
https://www.galerie-clavreul.fr/comment-utiliser-une-peinture-acrylique-pour-les-debutants/,,vous,1,mot-clé/entité/ngram,H2/H3,,
https://www.galerie-clavreul.fr/comment-utiliser-une-peinture-acrylique-pour-les-debutants/,,clair,1,mot-clé/entité/ngram,H2/H3,,
https://www.galerie-clavreul.fr/comment-utiliser-une-peinture-acrylique-pour-les-debutants/,,art moderne,1,mot-clé/entité/ngram,H2/H3,,
https://www.galerie-clavreul.fr/comment-utiliser-une-peinture-acrylique-pour-les-debutants/,,couleur clair,1,mot-clé/entité/ngram,H2/H3,,
https://www.galerie-clavreul.fr/comment-utiliser-une-peinture-acrylique-pour-les-debutants/,,peindre,2,mot-clé/entité/ngram,H2/H3,,
https://www.galerie-clavreul.fr/comment-utiliser-une-peinture-acrylique-pour-les-debutants/,,technique,2,mot-clé/entité/ngram,H2/H3,,
https://www.galerie-clavreul.fr/comment-utiliser-une-peinture-acrylique-pour-les-debutants/,,technique peinture,2,mot-clé/entité/ngram,H2/H3,,
https://www.galerie-clavreul.fr/comment-utiliser-une-peinture-acrylique-pour-les-debutants/,,teinte,2,mot-clé/entité/ngram,H2/H3,,
https://www.galerie-clavreul.fr/comment-utiliser-une-peinture-acrylique-pour-les-debutants/,,commencer peinture acrylique,2,mot-clé/entité/ngram,H2/H3,,
https://www.galerie-clavreul.fr/comment-utiliser-une-peinture-acrylique-pour-les-debutants/,,commencer peinture,2,mot-clé/entité/ngram,H2/H3,,
https://www.galerie-clavreul.fr/comment-utiliser-une-peinture-acrylique-pour-les-debutants/,,initier art moderne,2,mot-clé/entité/ngram,H2/H3,,
https://www.galerie-clavreul.fr/comment-utiliser-une-peinture-acrylique-pour-les-debutants/,,diluer,2,mot-clé/entité/ngram,H2/H3,,
https://www.galerie-clavreul.fr/comment-utiliser-une-peinture-acrylique-pour-les-debutants/,,peinture acrylique devoir,2,mot-clé/entité/ngram,H2/H3,,
https://www.galerie-clavreul.fr/comment-utiliser-une-peinture-acrylique-pour-les-debutants/,,acrylique devoir,2,mot-clé/entité/ngram,H2/H3,,
https://www.galerie-clavreul.fr/comment-utiliser-une-peinture-acrylique-pour-les-debutants/,,laisser vous,2,mot-clé/entité/ngram,H2/H3,,
https://www.galerie-clavreul.fr/comment-utiliser-une-peinture-acrylique-pour-les-debutants/,,technique peinture acrylique,2,mot-clé/entité/ngram,H2/H3,,
https://www.galerie-clavreul.fr/comment-utiliser-une-peinture-acrylique-pour-les-debutants/,,peindre couleur clair,3,mot-clé/entité/ngram,H2/H3,,
https://www.galerie-clavreul.fr/comment-utiliser-une-peinture-acrylique-pour-les-debutants/,,idéal,3,mot-clé/entité/ngram,H2/H3,,
https://www.galerie-clavreul.fr/comment-utiliser-une-peinture-acrylique-pour-les-debutants/,,ajouter,3,mot-clé/entité/ngram,H2/H3,,
https://www.galerie-clavreul.fr/comment-utiliser-une-peinture-acrylique-pour-les-debutants/,,couche,3,mot-clé/entité/ngram,H2/H3,,
https://www.galerie-clavreul.fr/comment-utiliser-une-peinture-acrylique-pour-les-debutants/,,portrait,3,mot-clé/entité/ngram,H2/H3,,
https://www.galerie-clavreul.fr/comment-utiliser-une-peinture-acrylique-pour-les-debutants/,,initier,3,mot-clé/entité/ngram,H2/H3,,
https://www.galerie-clavreul.fr/comment-vendre-ses-tableaux-sur-internet-aux-encheres-dans-les-galeries/,,vente,1,mot-clé/entité/ngram,H2/H3,,
https://www.galerie-clavreul.fr/comment-vendre-ses-tableaux-sur-internet-aux-encheres-dans-les-galeries/,,galerie,1,mot-clé/entité/ngram,H2/H3,,
https://www.galerie-clavreul.fr/comment-vendre-ses-tableaux-sur-internet-aux-encheres-dans-les-galeries/,,vendre,1,mot-clé/entité/ngram,H2/H3,,
https://www.galerie-clavreul.fr/comment-vendre-ses-tableaux-sur-internet-aux-encheres-dans-les-galeries/,,com,1,mot-clé/entité/ngram,H2/H3,,
https://www.galerie-clavreul.fr/comment-vendre-ses-tableaux-sur-internet-aux-encheres-dans-les-galeries/,,option,1,mot-clé/entité/ngram,H2/H3,,
https://www.galerie-clavreul.fr/comment-vendre-ses-tableaux-sur-internet-aux-encheres-dans-les-galeries/,,enchère,1,mot-clé/entité/ngram,H2/H3,,
https://www.galerie-clavreul.fr/comment-vendre-ses-tableaux-sur-internet-aux-encheres-dans-les-galeries/,,vente enchère,1,mot-clé/entité/ngram,H2/H3,,
https://www.galerie-clavreul.fr/comment-vendre-ses-tableaux-sur-internet-aux-encheres-dans-les-galeries/,,commencer,1,mot-clé/entité/ngram,H2/H3,,
https://www.galerie-clavreul.fr/comment-vendre-ses-tableaux-sur-internet-aux-encheres-dans-les-galeries/,,petit,1,mot-clé/entité/ngram,H2/H3,,
https://www.galerie-clavreul.fr/comment-vendre-ses-tableaux-sur-internet-aux-encheres-dans-les-galeries/,,peintur,1,mot-clé/entité/ngram,H2/H3,,
https://www.galerie-clavreul.fr/comment-vendre-ses-tableaux-sur-internet-aux-encheres-dans-les-galeries/,,tableau peintur,1,mot-clé/entité/ngram,H2/H3,,
https://www.galerie-clavreul.fr/comment-vendre-ses-tableaux-sur-internet-aux-encheres-dans-les-galeries/,,ligne,1,mot-clé/entité/ngram,H2/H3,,
https://www.galerie-clavreul.fr/comment-vendre-ses-tableaux-sur-internet-aux-encheres-dans-les-galeries/,,tableau,2,mot-clé/entité/ngram,H2/H3,,
https://www.galerie-clavreul.fr/comment-vendre-ses-tableaux-sur-internet-aux-encheres-dans-les-galeries/,,bon,2,mot-clé/entité/ngram,H2/H3,,
https://www.galerie-clavreul.fr/comment-vendre-ses-tableaux-sur-internet-aux-encheres-dans-les-galeries/,,proposer,2,mot-clé/entité/ngram,H2/H3,,
https://www.galerie-clavreul.fr/comment-vendre-ses-tableaux-sur-internet-aux-encheres-dans-les-galeries/,,site,2,mot-clé/entité/ngram,H2/H3,,
https://www.galerie-clavreul.fr/comment-vendre-ses-tableaux-sur-internet-aux-encheres-dans-les-galeries/,,galerie art,2,mot-clé/entité/ngram,H2/H3,,
https://www.galerie-clavreul.fr/comment-vendre-ses-tableaux-sur-internet-aux-encheres-dans-les-galeries/,,vendre œuvre pouvoir,2,mot-clé/entité/ngram,H2/H3,,
https://www.galerie-clavreul.fr/comment-vendre-ses-tableaux-sur-internet-aux-encheres-dans-les-galeries/,,vendre œuvre,2,mot-clé/entité/ngram,H2/H3,,
https://www.galerie-clavreul.fr/comment-vendre-ses-tableaux-sur-internet-aux-encheres-dans-les-galeries/,,personne,2,mot-clé/entité/ngram,H2/H3,,
https://www.galerie-clavreul.fr/comment-vendre-ses-tableaux-sur-internet-aux-encheres-dans-les-galeries/,,recommander,2,mot-clé/entité/ngram,H2/H3,,
https://www.galerie-clavreul.fr/comment-vendre-ses-tableaux-sur-internet-aux-encheres-dans-les-galeries/,,musée art contemporain,2,mot-clé/entité/ngram,H2/H3,,
https://www.galerie-clavreul.fr/comment-vendre-ses-tableaux-sur-internet-aux-encheres-dans-les-galeries/,,musée art,2,mot-clé/entité/ngram,H2/H3,,
https://www.galerie-clavreul.fr/comment-vendre-ses-tableaux-sur-internet-aux-encheres-dans-les-galeries/,,faire nom,2,mot-clé/entité/ngram,H2/H3,,
https://www.galerie-clavreul.fr/comment-vendre-ses-tableaux-sur-internet-aux-encheres-dans-les-galeries/,,bon personne,3,mot-clé/entité/ngram,H2/H3,,
https://www.galerie-clavreul.fr/comment-vendre-ses-tableaux-sur-internet-aux-encheres-dans-les-galeries/,,faire recommander,3,mot-clé/entité/ngram,H2/H3,,
https://www.galerie-clavreul.fr/comment-vendre-ses-tableaux-sur-internet-aux-encheres-dans-les-galeries/,,vendre tableau,3,mot-clé/entité/ngram,H2/H3,,
https://www.galerie-clavreul.fr/comment-vendre-ses-tableaux-sur-internet-aux-encheres-dans-les-galeries/,,vente tableau,3,mot-clé/entité/ngram,H2/H3,,
https://www.galerie-clavreul.fr/comment-vendre-ses-tableaux-sur-internet-aux-encheres-dans-les-galeries/,,commencer vendre,3,mot-clé/entité/ngram,H2/H3,,
https://www.galerie-clavreul.fr/comment-vendre-ses-tableaux-sur-internet-aux-encheres-dans-les-galeries/,,œuvre pouvoir,3,mot-clé/entité/ngram,H2/H3,,
https://www.galerie-clavreul.fr/qu-ont-ete-les-annees-folles-a-paris/,l’ère du divertissement,année fou,1,mot-clé/entité/ngram,H2/H3,,
https://www.galerie-clavreul.fr/qu-ont-ete-les-annees-folles-a-paris/,l’ère du divertissement,fou,1,mot-clé/entité/ngram,H2/H3,,
https://www.galerie-clavreul.fr/qu-ont-ete-les-annees-folles-a-paris/,l’ère du divertissement,parisien,1,mot-clé/entité/ngram,H2/H3,,
https://www.galerie-clavreul.fr/qu-ont-ete-les-annees-folles-a-paris/,l’ère du divertissement,année,1,mot-clé/entité/ngram,H2/H3,,
https://www.galerie-clavreul.fr/qu-ont-ete-les-annees-folles-a-paris/,l’ère du divertissement,montparnasse,1,mot-clé/entité/ngram,H2/H3,,
https://www.galerie-clavreul.fr/qu-ont-ete-les-annees-folles-a-paris/,l’ère du divertissement,guerre,1,mot-clé/entité/ngram,H2/H3,,
https://www.galerie-clavreul.fr/qu-ont-ete-les-annees-folles-a-paris/,l’ère du divertissement,paris,1,mot-clé/entité/ngram,H2/H3,,
https://www.galerie-clavreul.fr/qu-ont-ete-les-annees-folles-a-paris/,l’ère du divertissement,quartier,1,mot-clé/entité/ngram,H2/H3,,
https://www.galerie-clavreul.fr/qu-ont-ete-les-annees-folles-a-paris/,l’ère du divertissement,ville,1,mot-clé/entité/ngram,H2/H3,,
https://www.galerie-clavreul.fr/qu-ont-ete-les-annees-folles-a-paris/,l’ère du divertissement,mode,1,mot-clé/entité/ngram,H2/H3,,
https://www.galerie-clavreul.fr/qu-ont-ete-les-annees-folles-a-paris/,l’ère du divertissement,nuit,1,mot-clé/entité/ngram,H2/H3,,
https://www.galerie-clavreul.fr/qu-ont-ete-les-annees-folles-a-paris/,l’ère du divertissement,montmartre,1,mot-clé/entité/ngram,H2/H3,,
https://www.galerie-clavreul.fr/qu-ont-ete-les-annees-folles-a-paris/,l’ère du divertissement,lieu,2,mot-clé/entité/ngram,H2/H3,,
https://www.galerie-clavreul.fr/qu-ont-ete-les-annees-folles-a-paris/,l’ère du divertissement,ailleurs,2,mot-clé/entité/ngram,H2/H3,,
https://www.galerie-clavreul.fr/qu-ont-ete-les-annees-folles-a-paris/,l’ère du divertissement,période,2,mot-clé/entité/ngram,H2/H3,,
https://www.galerie-clavreul.fr/qu-ont-ete-les-annees-folles-a-paris/,l’ère du divertissement,époque,2,mot-clé/entité/ngram,H2/H3,,
https://www.galerie-clavreul.fr/qu-ont-ete-les-annees-folles-a-paris/,l’ère du divertissement,place,2,mot-clé/entité/ngram,H2/H3,,
https://www.galerie-clavreul.fr/qu-ont-ete-les-annees-folles-a-paris/,l’ère du divertissement,français,2,mot-clé/entité/ngram,H2/H3,,
https://www.galerie-clavreul.fr/qu-ont-ete-les-annees-folles-a-paris/,l’ère du divertissement,plaisir,2,mot-clé/entité/ngram,H2/H3,,
https://www.galerie-clavreul.fr/qu-ont-ete-les-annees-folles-a-paris/,l’ère du divertissement,spectacle,2,mot-clé/entité/ngram,H2/H3,,
https://www.galerie-clavreul.fr/qu-ont-ete-les-annees-folles-a-paris/,l’ère du divertissement,instar,2,mot-clé/entité/ngram,H2/H3,,
https://www.galerie-clavreul.fr/qu-ont-ete-les-annees-folles-a-paris/,l’ère du divertissement,presque,2,mot-clé/entité/ngram,H2/H3,,
https://www.galerie-clavreul.fr/qu-ont-ete-les-annees-folles-a-paris/,l’ère du divertissement,musical,2,mot-clé/entité/ngram,H2/H3,,
https://www.galerie-clavreul.fr/qu-ont-ete-les-annees-folles-a-paris/,l’ère du divertissement,danse chant,2,mot-clé/entité/ngram,H2/H3,,
https://www.galerie-clavreul.fr/qu-ont-ete-les-annees-folles-a-paris/,l’ère du divertissement,danse,3,mot-clé/entité/ngram,H2/H3,,
https://www.galerie-clavreul.fr/qu-ont-ete-les-annees-folles-a-paris/,l’ère du divertissement,jamais,3,mot-clé/entité/ngram,H2/H3,,
https://www.galerie-clavreul.fr/qu-ont-ete-les-annees-folles-a-paris/,l’ère du divertissement,société,3,mot-clé/entité/ngram,H2/H3,,
https://www.galerie-clavreul.fr/qu-ont-ete-les-annees-folles-a-paris/,l’ère du divertissement,foyer,3,mot-clé/entité/ngram,H2/H3,,
https://www.galerie-clavreul.fr/qu-ont-ete-les-annees-folles-a-paris/,l’ère du divertissement,chant,3,mot-clé/entité/ngram,H2/H3,,
https://www.galerie-clavreul.fr/qu-ont-ete-les-annees-folles-a-paris/,l’ère du divertissement,homme,3,mot-clé/entité/ngram,H2/H3,,
https://www.galerie-clavreul.fr/comment-faire-un-tableau-decoratif-fait-main/,Astuces pour réaliser un tableau décoratif fait à la main,tableau,1,mot-clé/entité/ngram,H2/H3,,
https://www.galerie-clavreul.fr/comment-faire-un-tableau-decoratif-fait-main/,Astuces pour réaliser un tableau décoratif fait à la main,spatule,1,mot-clé/entité/ngram,H2/H3,,
https://www.galerie-clavreul.fr/comment-faire-un-tableau-decoratif-fait-main/,Astuces pour réaliser un tableau décoratif fait à la main,structure,1,mot-clé/entité/ngram,H2/H3,,
https://www.galerie-clavreul.fr/comment-faire-un-tableau-decoratif-fait-main/,Astuces pour réaliser un tableau décoratif fait à la main,toile,1,mot-clé/entité/ngram,H2/H3,,
https://www.galerie-clavreul.fr/comment-faire-un-tableau-decoratif-fait-main/,Astuces pour réaliser un tableau décoratif fait à la main,peinture,1,mot-clé/entité/ngram,H2/H3,,
https://www.galerie-clavreul.fr/comment-faire-un-tableau-decoratif-fait-main/,Astuces pour réaliser un tableau décoratif fait à la main,médium,1,mot-clé/entité/ngram,H2/H3,,
https://www.galerie-clavreul.fr/comment-faire-un-tableau-decoratif-fait-main/,Astuces pour réaliser un tableau décoratif fait à la main,déco,1,mot-clé/entité/ngram,H2/H3,,
https://www.galerie-clavreul.fr/comment-faire-un-tableau-decoratif-fait-main/,Astuces pour réaliser un tableau décoratif fait à la main,réaliser,1,mot-clé/entité/ngram,H2/H3,,
https://www.galerie-clavreul.fr/comment-faire-un-tableau-decoratif-fait-main/,Astuces pour réaliser un tableau décoratif fait à la main,maison,1,mot-clé/entité/ngram,H2/H3,,
https://www.galerie-clavreul.fr/comment-faire-un-tableau-decoratif-fait-main/,Astuces pour réaliser un tableau décoratif fait à la main,tableau déco,1,mot-clé/entité/ngram,H2/H3,,
https://www.galerie-clavreul.fr/comment-faire-un-tableau-decoratif-fait-main/,Astuces pour réaliser un tableau décoratif fait à la main,ensuite,1,mot-clé/entité/ngram,H2/H3,,
https://www.galerie-clavreul.fr/comment-faire-un-tableau-decoratif-fait-main/,Astuces pour réaliser un tableau décoratif fait à la main,papier,1,mot-clé/entité/ngram,H2/H3,,
https://www.galerie-clavreul.fr/comment-faire-un-tableau-decoratif-fait-main/,Astuces pour réaliser un tableau décoratif fait à la main,marron,2,mot-clé/entité/ngram,H2/H3,,
https://www.galerie-clavreul.fr/comment-faire-un-tableau-decoratif-fait-main/,Astuces pour réaliser un tableau décoratif fait à la main,tableau mural,2,mot-clé/entité/ngram,H2/H3,,
https://www.galerie-clavreul.fr/comment-faire-un-tableau-decoratif-fait-main/,Astuces pour réaliser un tableau décoratif fait à la main,bois,2,mot-clé/entité/ngram,H2/H3,,
https://www.galerie-clavreul.fr/comment-faire-un-tableau-decoratif-fait-main/,Astuces pour réaliser un tableau décoratif fait à la main,médium structure,2,mot-clé/entité/ngram,H2/H3,,
https://www.galerie-clavreul.fr/comment-faire-un-tableau-decoratif-fait-main/,Astuces pour réaliser un tableau décoratif fait à la main,vintag,2,mot-clé/entité/ngram,H2/H3,,
https://www.galerie-clavreul.fr/comment-faire-un-tableau-decoratif-fait-main/,Astuces pour réaliser un tableau décoratif fait à la main,pochoir,2,mot-clé/entité/ngram,H2/H3,,
https://www.galerie-clavreul.fr/comment-faire-un-tableau-decoratif-fait-main/,Astuces pour réaliser un tableau décoratif fait à la main,tissu,2,mot-clé/entité/ngram,H2/H3,,
https://www.galerie-clavreul.fr/comment-faire-un-tableau-decoratif-fait-main/,Astuces pour réaliser un tableau décoratif fait à la main,étape réalisation,2,mot-clé/entité/ngram,H2/H3,,
https://www.galerie-clavreul.fr/comment-faire-un-tableau-decoratif-fait-main/,Astuces pour réaliser un tableau décoratif fait à la main,métalliser,2,mot-clé/entité/ngram,H2/H3,,
https://www.galerie-clavreul.fr/comment-faire-un-tableau-decoratif-fait-main/,Astuces pour réaliser un tableau décoratif fait à la main,tamponner,2,mot-clé/entité/ngram,H2/H3,,
https://www.galerie-clavreul.fr/comment-faire-un-tableau-decoratif-fait-main/,Astuces pour réaliser un tableau décoratif fait à la main,patine,2,mot-clé/entité/ngram,H2/H3,,
https://www.galerie-clavreul.fr/comment-faire-un-tableau-decoratif-fait-main/,Astuces pour réaliser un tableau décoratif fait à la main,cercle,2,mot-clé/entité/ngram,H2/H3,,
https://www.galerie-clavreul.fr/comment-faire-un-tableau-decoratif-fait-main/,Astuces pour réaliser un tableau décoratif fait à la main,mettre peinture,3,mot-clé/entité/ngram,H2/H3,,
https://www.galerie-clavreul.fr/comment-faire-un-tableau-decoratif-fait-main/,Astuces pour réaliser un tableau décoratif fait à la main,gesso,3,mot-clé/entité/ngram,H2/H3,,
https://www.galerie-clavreul.fr/comment-faire-un-tableau-decoratif-fait-main/,Astuces pour réaliser un tableau décoratif fait à la main,inspiration,3,mot-clé/entité/ngram,H2/H3,,
https://www.galerie-clavreul.fr/comment-faire-un-tableau-decoratif-fait-main/,Astuces pour réaliser un tableau décoratif fait à la main,pouvoir,3,mot-clé/entité/ngram,H2/H3,,
https://www.galerie-clavreul.fr/comment-faire-un-tableau-decoratif-fait-main/,Astuces pour réaliser un tableau décoratif fait à la main,étaler,3,mot-clé/entité/ngram,H2/H3,,
https://www.galerie-clavreul.fr/comment-faire-un-tableau-decoratif-fait-main/,Astuces pour réaliser un tableau décoratif fait à la main,cas,3,mot-clé/entité/ngram,H2/H3,,
https://www.galerie-clavreul.fr/comment-faire-un-tableau-design-avec-des-reliefs/,"Réaliser un tableau design en relief, comment faire ?",accordéon,1,mot-clé/entité/ngram,H2/H3,,
https://www.galerie-clavreul.fr/comment-faire-un-tableau-design-avec-des-reliefs/,"Réaliser un tableau design en relief, comment faire ?",châssis,1,mot-clé/entité/ngram,H2/H3,,
https://www.galerie-clavreul.fr/comment-faire-un-tableau-design-avec-des-reliefs/,"Réaliser un tableau design en relief, comment faire ?",papier,1,mot-clé/entité/ngram,H2/H3,,
https://www.galerie-clavreul.fr/comment-faire-un-tableau-design-avec-des-reliefs/,"Réaliser un tableau design en relief, comment faire ?",journal,1,mot-clé/entité/ngram,H2/H3,,
https://www.galerie-clavreul.fr/comment-faire-un-tableau-design-avec-des-reliefs/,"Réaliser un tableau design en relief, comment faire ?",bande,1,mot-clé/entité/ngram,H2/H3,,
https://www.galerie-clavreul.fr/comment-faire-un-tableau-design-avec-des-reliefs/,"Réaliser un tableau design en relief, comment faire ?",poser,1,mot-clé/entité/ngram,H2/H3,,
https://www.galerie-clavreul.fr/comment-faire-un-tableau-design-avec-des-reliefs/,"Réaliser un tableau design en relief, comment faire ?",tableau,1,mot-clé/entité/ngram,H2/H3,,
https://www.galerie-clavreul.fr/comment-faire-un-tableau-design-avec-des-reliefs/,"Réaliser un tableau design en relief, comment faire ?",tableau design,1,mot-clé/entité/ngram,H2/H3,,
https://www.galerie-clavreul.fr/comment-faire-un-tableau-design-avec-des-reliefs/,"Réaliser un tableau design en relief, comment faire ?",peinture,1,mot-clé/entité/ngram,H2/H3,,
https://www.galerie-clavreul.fr/comment-faire-un-tableau-design-avec-des-reliefs/,"Réaliser un tableau design en relief, comment faire ?",design,1,mot-clé/entité/ngram,H2/H3,,
https://www.galerie-clavreul.fr/comment-faire-un-tableau-design-avec-des-reliefs/,"Réaliser un tableau design en relief, comment faire ?",gesso,1,mot-clé/entité/ngram,H2/H3,,
https://www.galerie-clavreul.fr/comment-faire-un-tableau-design-avec-des-reliefs/,"Réaliser un tableau design en relief, comment faire ?",feuille,1,mot-clé/entité/ngram,H2/H3,,
https://www.galerie-clavreul.fr/comment-faire-un-tableau-design-avec-des-reliefs/,"Réaliser un tableau design en relief, comment faire ?",pouvoir,2,mot-clé/entité/ngram,H2/H3,,
https://www.galerie-clavreul.fr/comment-faire-un-tableau-design-avec-des-reliefs/,"Réaliser un tableau design en relief, comment faire ?",journal gesso,2,mot-clé/entité/ngram,H2/H3,,
https://www.galerie-clavreul.fr/comment-faire-un-tableau-design-avec-des-reliefs/,"Réaliser un tableau design en relief, comment faire ?",bombe,2,mot-clé/entité/ngram,H2/H3,,
https://www.galerie-clavreul.fr/comment-faire-un-tableau-design-avec-des-reliefs/,"Réaliser un tableau design en relief, comment faire ?",plier papier,2,mot-clé/entité/ngram,H2/H3,,
https://www.galerie-clavreul.fr/comment-faire-un-tableau-design-avec-des-reliefs/,"Réaliser un tableau design en relief, comment faire ?",métal bombe,2,mot-clé/entité/ngram,H2/H3,,
https://www.galerie-clavreul.fr/comment-faire-un-tableau-design-avec-des-reliefs/,"Réaliser un tableau design en relief, comment faire ?",plier,2,mot-clé/entité/ngram,H2/H3,,
https://www.galerie-clavreul.fr/comment-faire-un-tableau-design-avec-des-reliefs/,"Réaliser un tableau design en relief, comment faire ?",peinture acrylique,2,mot-clé/entité/ngram,H2/H3,,
https://www.galerie-clavreul.fr/comment-faire-un-tableau-design-avec-des-reliefs/,"Réaliser un tableau design en relief, comment faire ?",acrylique,2,mot-clé/entité/ngram,H2/H3,,
https://www.galerie-clavreul.fr/comment-faire-un-tableau-design-avec-des-reliefs/,"Réaliser un tableau design en relief, comment faire ?",métal,2,mot-clé/entité/ngram,H2/H3,,
https://www.galerie-clavreul.fr/comment-faire-un-tableau-design-avec-des-reliefs/,"Réaliser un tableau design en relief, comment faire ?",papier journal,2,mot-clé/entité/ngram,H2/H3,,
https://www.galerie-clavreul.fr/comment-faire-un-tableau-design-avec-des-reliefs/,"Réaliser un tableau design en relief, comment faire ?",séchage,2,mot-clé/entité/ngram,H2/H3,,
https://www.galerie-clavreul.fr/comment-faire-un-tableau-design-avec-des-reliefs/,"Réaliser un tableau design en relief, comment faire ?",tableau relief,2,mot-clé/entité/ngram,H2/H3,,
https://www.galerie-clavreul.fr/comment-faire-un-tableau-design-avec-des-reliefs/,"Réaliser un tableau design en relief, comment faire ?",peindre,3,mot-clé/entité/ngram,H2/H3,,
https://www.galerie-clavreul.fr/comment-faire-un-tableau-design-avec-des-reliefs/,"Réaliser un tableau design en relief, comment faire ?",avoir,3,mot-clé/entité/ngram,H2/H3,,
https://www.galerie-clavreul.fr/comment-faire-un-tableau-design-avec-des-reliefs/,"Réaliser un tableau design en relief, comment faire ?",sécher,3,mot-clé/entité/ngram,H2/H3,,
https://www.galerie-clavreul.fr/comment-faire-un-tableau-design-avec-des-reliefs/,"Réaliser un tableau design en relief, comment faire ?",attendre,3,mot-clé/entité/ngram,H2/H3,,
https://www.galerie-clavreul.fr/comment-faire-un-tableau-design-avec-des-reliefs/,"Réaliser un tableau design en relief, comment faire ?",commencer,3,mot-clé/entité/ngram,H2/H3,,
https://www.galerie-clavreul.fr/comment-faire-un-tableau-design-avec-des-reliefs/,"Réaliser un tableau design en relief, comment faire ?",laisser,3,mot-clé/entité/ngram,H2/H3,,
https://www.galerie-clavreul.fr/comment-peindre-un-tableau-contemporain/,"Peindre un tableau contemporain, comment s'y prendre ?",tableau,1,mot-clé/entité/ngram,H2/H3,,
https://www.galerie-clavreul.fr/comment-peindre-un-tableau-contemporain/,"Peindre un tableau contemporain, comment s'y prendre ?",tableau contemporain,1,mot-clé/entité/ngram,H2/H3,,
https://www.galerie-clavreul.fr/comment-peindre-un-tableau-contemporain/,"Peindre un tableau contemporain, comment s'y prendre ?",matériel,1,mot-clé/entité/ngram,H2/H3,,
https://www.galerie-clavreul.fr/comment-peindre-un-tableau-contemporain/,"Peindre un tableau contemporain, comment s'y prendre ?",pouvoir,1,mot-clé/entité/ngram,H2/H3,,
https://www.galerie-clavreul.fr/comment-peindre-un-tableau-contemporain/,"Peindre un tableau contemporain, comment s'y prendre ?",peinture,1,mot-clé/entité/ngram,H2/H3,,
https://www.galerie-clavreul.fr/comment-peindre-un-tableau-contemporain/,"Peindre un tableau contemporain, comment s'y prendre ?",conception,1,mot-clé/entité/ngram,H2/H3,,
https://www.galerie-clavreul.fr/comment-peindre-un-tableau-contemporain/,"Peindre un tableau contemporain, comment s'y prendre ?",moyen,1,mot-clé/entité/ngram,H2/H3,,
https://www.galerie-clavreul.fr/comment-peindre-un-tableau-contemporain/,"Peindre un tableau contemporain, comment s'y prendre ?",toile,1,mot-clé/entité/ngram,H2/H3,,
https://www.galerie-clavreul.fr/comment-peindre-un-tableau-contemporain/,"Peindre un tableau contemporain, comment s'y prendre ?",unique,1,mot-clé/entité/ngram,H2/H3,,
https://www.galerie-clavreul.fr/comment-peindre-un-tableau-contemporain/,"Peindre un tableau contemporain, comment s'y prendre ?",facile réaliser,1,mot-clé/entité/ngram,H2/H3,,
https://www.galerie-clavreul.fr/comment-peindre-un-tableau-contemporain/,"Peindre un tableau contemporain, comment s'y prendre ?",exposer galerie,1,mot-clé/entité/ngram,H2/H3,,
https://www.galerie-clavreul.fr/comment-peindre-un-tableau-contemporain/,"Peindre un tableau contemporain, comment s'y prendre ?",contemporain,1,mot-clé/entité/ngram,H2/H3,,
https://www.galerie-clavreul.fr/comment-peindre-un-tableau-contemporain/,"Peindre un tableau contemporain, comment s'y prendre ?",apprécier,2,mot-clé/entité/ngram,H2/H3,,
https://www.galerie-clavreul.fr/comment-peindre-un-tableau-contemporain/,"Peindre un tableau contemporain, comment s'y prendre ?",peindre tableau,2,mot-clé/entité/ngram,H2/H3,,
https://www.galerie-clavreul.fr/comment-peindre-un-tableau-contemporain/,"Peindre un tableau contemporain, comment s'y prendre ?",perception,2,mot-clé/entité/ngram,H2/H3,,
https://www.galerie-clavreul.fr/comment-peindre-un-tableau-contemporain/,"Peindre un tableau contemporain, comment s'y prendre ?",parfait,2,mot-clé/entité/ngram,H2/H3,,
https://www.galerie-clavreul.fr/comment-peindre-un-tableau-contemporain/,"Peindre un tableau contemporain, comment s'y prendre ?",concevoir,2,mot-clé/entité/ngram,H2/H3,,
https://www.galerie-clavreul.fr/comment-peindre-un-tableau-contemporain/,"Peindre un tableau contemporain, comment s'y prendre ?",pinceau,2,mot-clé/entité/ngram,H2/H3,,
https://www.galerie-clavreul.fr/comment-peindre-un-tableau-contemporain/,"Peindre un tableau contemporain, comment s'y prendre ?",créer,2,mot-clé/entité/ngram,H2/H3,,
https://www.galerie-clavreul.fr/comment-peindre-un-tableau-contemporain/,"Peindre un tableau contemporain, comment s'y prendre ?",exposer,2,mot-clé/entité/ngram,H2/H3,,
https://www.galerie-clavreul.fr/comment-peindre-un-tableau-contemporain/,"Peindre un tableau contemporain, comment s'y prendre ?",réaliser,2,mot-clé/entité/ngram,H2/H3,,
https://www.galerie-clavreul.fr/comment-peindre-un-tableau-contemporain/,"Peindre un tableau contemporain, comment s'y prendre ?",étape,2,mot-clé/entité/ngram,H2/H3,,
https://www.galerie-clavreul.fr/comment-peindre-un-tableau-contemporain/,"Peindre un tableau contemporain, comment s'y prendre ?",forme,2,mot-clé/entité/ngram,H2/H3,,
https://www.galerie-clavreul.fr/comment-peindre-un-tableau-contemporain/,"Peindre un tableau contemporain, comment s'y prendre ?",opter,2,mot-clé/entité/ngram,H2/H3,,
https://www.galerie-clavreul.fr/comment-peindre-un-tableau-contemporain/,"Peindre un tableau contemporain, comment s'y prendre ?",galerie,3,mot-clé/entité/ngram,H2/H3,,
https://www.galerie-clavreul.fr/comment-peindre-un-tableau-contemporain/,"Peindre un tableau contemporain, comment s'y prendre ?",ailleurs,3,mot-clé/entité/ngram,H2/H3,,
https://www.galerie-clavreul.fr/comment-peindre-un-tableau-contemporain/,"Peindre un tableau contemporain, comment s'y prendre ?",facile,3,mot-clé/entité/ngram,H2/H3,,
https://www.galerie-clavreul.fr/comment-peindre-un-tableau-contemporain/,"Peindre un tableau contemporain, comment s'y prendre ?",ouvrage,3,mot-clé/entité/ngram,H2/H3,,
https://www.galerie-clavreul.fr/comment-peindre-un-tableau-contemporain/,"Peindre un tableau contemporain, comment s'y prendre ?",avoir,3,mot-clé/entité/ngram,H2/H3,,
https://www.galerie-clavreul.fr/comment-peindre-un-tableau-contemporain/,"Peindre un tableau contemporain, comment s'y prendre ?",peindre,3,mot-clé/entité/ngram,H2/H3,,
https://www.galerie-clavreul.fr/quel-tableau-choisir-pour-decorer-son-salon/,Astuces pour bien choisir le tableau pour son salon,salon,1,mot-clé/entité/ngram,H2/H3,,
https://www.galerie-clavreul.fr/quel-tableau-choisir-pour-decorer-son-salon/,Astuces pour bien choisir le tableau pour son salon,choisir,1,mot-clé/entité/ngram,H2/H3,,
https://www.galerie-clavreul.fr/quel-tableau-choisir-pour-decorer-son-salon/,Astuces pour bien choisir le tableau pour son salon,pièce,1,mot-clé/entité/ngram,H2/H3,,
https://www.galerie-clavreul.fr/quel-tableau-choisir-pour-decorer-son-salon/,Astuces pour bien choisir le tableau pour son salon,toile,1,mot-clé/entité/ngram,H2/H3,,
https://www.galerie-clavreul.fr/quel-tableau-choisir-pour-decorer-son-salon/,Astuces pour bien choisir le tableau pour son salon,tableau,1,mot-clé/entité/ngram,H2/H3,,
https://www.galerie-clavreul.fr/quel-tableau-choisir-pour-decorer-son-salon/,Astuces pour bien choisir le tableau pour son salon,pouvoir choisir,1,mot-clé/entité/ngram,H2/H3,,
https://www.galerie-clavreul.fr/quel-tableau-choisir-pour-decorer-son-salon/,Astuces pour bien choisir le tableau pour son salon,couleur,1,mot-clé/entité/ngram,H2/H3,,
https://www.galerie-clavreul.fr/quel-tableau-choisir-pour-decorer-son-salon/,Astuces pour bien choisir le tableau pour son salon,tableau salon,1,mot-clé/entité/ngram,H2/H3,,
https://www.galerie-clavreul.fr/quel-tableau-choisir-pour-decorer-son-salon/,Astuces pour bien choisir le tableau pour son salon,ambiance,1,mot-clé/entité/ngram,H2/H3,,
https://www.galerie-clavreul.fr/quel-tableau-choisir-pour-decorer-son-salon/,Astuces pour bien choisir le tableau pour son salon,pouvoir,1,mot-clé/entité/ngram,H2/H3,,
https://www.galerie-clavreul.fr/quel-tableau-choisir-pour-decorer-son-salon/,Astuces pour bien choisir le tableau pour son salon,choisir toile,1,mot-clé/entité/ngram,H2/H3,,
https://www.galerie-clavreul.fr/quel-tableau-choisir-pour-decorer-son-salon/,Astuces pour bien choisir le tableau pour son salon,couleur mur,1,mot-clé/entité/ngram,H2/H3,,
https://www.galerie-clavreul.fr/quel-tableau-choisir-pour-decorer-son-salon/,Astuces pour bien choisir le tableau pour son salon,devoir bien choisir,2,mot-clé/entité/ngram,H2/H3,,
https://www.galerie-clavreul.fr/quel-tableau-choisir-pour-decorer-son-salon/,Astuces pour bien choisir le tableau pour son salon,cadre déco,2,mot-clé/entité/ngram,H2/H3,,
https://www.galerie-clavreul.fr/quel-tableau-choisir-pour-decorer-son-salon/,Astuces pour bien choisir le tableau pour son salon,devoir bien,2,mot-clé/entité/ngram,H2/H3,,
https://www.galerie-clavreul.fr/quel-tableau-choisir-pour-decorer-son-salon/,Astuces pour bien choisir le tableau pour son salon,décoration,2,mot-clé/entité/ngram,H2/H3,,
https://www.galerie-clavreul.fr/quel-tableau-choisir-pour-decorer-son-salon/,Astuces pour bien choisir le tableau pour son salon,déco,2,mot-clé/entité/ngram,H2/H3,,
https://www.galerie-clavreul.fr/quel-tableau-choisir-pour-decorer-son-salon/,Astuces pour bien choisir le tableau pour son salon,photo,2,mot-clé/entité/ngram,H2/H3,,
https://www.galerie-clavreul.fr/quel-tableau-choisir-pour-decorer-son-salon/,Astuces pour bien choisir le tableau pour son salon,bien choisir,2,mot-clé/entité/ngram,H2/H3,,
https://www.galerie-clavreul.fr/quel-tableau-choisir-pour-decorer-son-salon/,Astuces pour bien choisir le tableau pour son salon,choix tableau,2,mot-clé/entité/ngram,H2/H3,,
https://www.galerie-clavreul.fr/quel-tableau-choisir-pour-decorer-son-salon/,Astuces pour bien choisir le tableau pour son salon,devoir,2,mot-clé/entité/ngram,H2/H3,,
https://www.galerie-clavreul.fr/quel-tableau-choisir-pour-decorer-son-salon/,Astuces pour bien choisir le tableau pour son salon,choisir tableau,2,mot-clé/entité/ngram,H2/H3,,
https://www.galerie-clavreul.fr/quel-tableau-choisir-pour-decorer-son-salon/,Astuces pour bien choisir le tableau pour son salon,fonction,2,mot-clé/entité/ngram,H2/H3,,
https://www.galerie-clavreul.fr/quel-tableau-choisir-pour-decorer-son-salon/,Astuces pour bien choisir le tableau pour son salon,mur,2,mot-clé/entité/ngram,H2/H3,,
https://www.galerie-clavreul.fr/quel-tableau-choisir-pour-decorer-son-salon/,Astuces pour bien choisir le tableau pour son salon,bien,3,mot-clé/entité/ngram,H2/H3,,
https://www.galerie-clavreul.fr/quel-tableau-choisir-pour-decorer-son-salon/,Astuces pour bien choisir le tableau pour son salon,main,3,mot-clé/entité/ngram,H2/H3,,
https://www.galerie-clavreul.fr/quel-tableau-choisir-pour-decorer-son-salon/,Astuces pour bien choisir le tableau pour son salon,cadre,3,mot-clé/entité/ngram,H2/H3,,
https://www.galerie-clavreul.fr/quel-tableau-choisir-pour-decorer-son-salon/,Astuces pour bien choisir le tableau pour son salon,installer,3,mot-clé/entité/ngram,H2/H3,,
https://www.galerie-clavreul.fr/quel-tableau-choisir-pour-decorer-son-salon/,Astuces pour bien choisir le tableau pour son salon,offrir,3,mot-clé/entité/ngram,H2/H3,,
https://www.galerie-clavreul.fr/quel-tableau-choisir-pour-decorer-son-salon/,Astuces pour bien choisir le tableau pour son salon,original,3,mot-clé/entité/ngram,H2/H3,,
